0,0,0,0,0,0,0,0,0,0,0,0,0,0,0,0,0,0,0,0,0,0,240,255,0,0,165,252,0,0,0,251,0,0,0,0,0,0,0,0,0,0,0,0,0,0,0,0,0,0,0,0,0,0,0,0,0,0,0,0,0,0,0,0,0,0,0,0,0,0,0,0,0,2,0,0,0,0,0,0,0,0,0,0,0,0,0,18,0,0,0,0,0,0,0,0,0,0,0,0,0,253,0,0,0,0,0,0,0,0,0,0,0,0,0,0,0,0,0,0,0,0,0,0,0,0,0,250
0,0,0,0,0,0,0,0,0,0,0,0,0,0,0,0,0,0,0,0,0,0,2,0,1,141,159,252,0,0,253,13,0,0,0,0,0,0,0,0,0,0,1,2,159,0,0,0,0,0,0,0,0,0,0,0,0,0,0,0,0,0,0,0,0,0,0,0,0,0,0,0,0,252,0,0,0,0,0,0,0,0,0,0,0,0,0,0,0,0,0,0,0,0,0,0,0,0,0,0,91,252,0,0,0,10,252,3,0,0,0,0,0,0,0,0,0,0,0,0,0,0,0,0,0,0,0,251
0,0,0,0,0,0,0,0,0,0,0,0,0,0,0,0,0,0,0,0,0,0,0,0,0,252,0,1,0,1,254,3,0,0,0,0,0,0,0,0,0,0,253,254,253,0,0,0,0,0,0,0,0,0,0,0,0,0,0,0,0,0,0,0,0,0,0,0,0,0,0,0,0,254,1,0,0,0,0,0,0,0,0,0,0,0,0,0,0,0,0,0,0,0,0,0,0,0,0,0,255,252,2,0,0,10,252,254,0,0,0,0,0,0,0,0,0,0,0,0,0,0,0,0,0,0,0,1
253,1,0,0,0,253,0,0,0,0,0,0,0,0,0,0,0,0,0,0,0,0,0,0,81,250,251,0,0,36,252,0,0,0,0,0,0,0,0,0,0,251,252,252,254,0,0,0,0,0,0,0,0,0,0,0,0,0,0,0,0,0,0,0,0,0,0,0,0,0,0,0,0,110,0,0,0,0,0,0,0,0,0,0,0,0,0,0,0,0,1,0,3,0,0,0,0,0,0,252,252,252,0,0,0,0,0,0,0,0,0,0,0,0,0,0,0,0,0,0,0,0,0,0,0,0,0,0
252,253,0,0,0,0,5,0,0,0,0,0,0,0,0,0,0,0,0,2,0,0,0,0,252,0,253,2,0,248,237,0,0,0,0,0,0,0,0,0,238,252,252,252,253,0,0,0,0,0,0,0,0,0,0,0,0,0,0,0,0,0,0,0,0,0,0,0,0,0,0,0,0,0,254,0,0,0,0,0,0,0,0,0,0,0,0,0,0,0,119,250,252,2,0,0,0,0,0,252,252,252,2,0,0,0,1,0,0,0,0,0,0,0,0,0,0,0,0,0,0,0,0,0,0,0,0,2
252,252,0,0,0,0,0,0,0,0,0,0,0,0,0,0,0,0,0,0,0,0,0,0,254,0,4,252,252,252,0,0,0,0,0,0,0,0,0,0,255,252,252,252,255,0,0,0,0,0,0,0,0,0,0,0,0,0,0,0,0,0,0,0,0,0,0,0,0,0,0,0,0,0,252,0,0,0,0,0,0,0,0,0,0,0,0,0,252,0,250,252,252,0,252,0,0,0,252,252,252,252,0,0,3,0,0,0,0,0,0,0,0,0,0,0,0,0,0,0,0,0,0,0,0,0,0,252
252,252,0,0,0,0,0,0,0,0,0,0,0,0,0,0,0,0,253,254,0,0,0,251,254,0,0,252,252,0,0,0,0,0,0,0,0,0,0,0,249,252,252,252,254,0,0,0,0,0,0,0,0,0,0,0,0,0,0,0,0,0,0,0,0,0,0,0,0,0,0,0,0,0,1,0,0,1,0,0,0,0,0,0,0,0,251,3,252,251,251,252,252,251,254,229,0,224,253,252,252,252,1,0,0,0,0,0,0,0,0,0,0,0,0,0,0,0,0,0,0,0,0,0,0,0,1,251
0,252,2,0,0,0,0,0,0,0,0,0,0,2,0,0,0,253,252,252,0,0,0,252,252,251,0,252,0,0,0,0,0,0,0,0,0,0,0,0,48,252,252,252,252,0,0,0,0,0,0,0,0,0,0,0,0,0,0,0,0,0,0,0,0,0,0,0,0,0,0,0,0,0,0,0,0,253,0,0,0,200,0,126,252,253,246,1,252,252,252,252,252,252,252,255,0,248,252,252,252,252,2,0,0,0,0,0,0,0,0,0,0,0,0,0,0,0,0,0,0,0,0,0,0,0,0,249
0,52,251,0,0,0,0,0,0,0,0,2,0,253,1,0,0,251,252,252,0,210,254,252,252,252,252,252,0,0,0,0,0,0,0,0,0,0,0,0,0,252,252,252,252,0,0,0,0,0,0,0,0,0,0,0,0,0,0,0,0,0,0,0,0,0,0,0,0,0,0,0,0,0,0,0,0,252,0,204,0,254,0,252,253,251,252,0,252,252,253,253,252,252,0,252,1,252,252,252,252,252,0,1,0,0,0,0,0,0,0,0,0,0,0,0,0,0,0,0,0,0,0,0,0,0,0,252
0,0,1,252,1,0,0,0,0,0,0,0,33,253,253,32,0,252,252,250,0,1,253,252,252,252,252,253,0,0,0,0,0,0,0,3,0,0,0,0,1,252,252,252,252,0,0,0,0,0,0,0,0,0,0,0,0,0,0,0,0,0,0,0,0,0,0,0,0,0,0,0,0,0,0,0,0,254,0,8,0,253,0,252,0,254,252,252,251,253,101,2,252,252,155,252,252,252,252,252,252,252,78,0,0,0,0,0,0,0,0,0,0,0,0,0,0,0,0,0,0,0,0,0,0,0,1,252
0,0,0,252,1,0,0,0,0,0,0,251,0,252,252,250,1,251,252,251,0,0,252,252,252,121,123,62,0,0,0,0,0,0,0,1,1,0,0,0,1,252,252,252,252,0,0,0,0,0,0,0,0,0,0,0,0,0,0,0,0,0,0,0,0,0,0,0,0,0,0,0,0,0,0,0,0,254,0,0,0,253,0,252,67,250,252,252,0,1,1,1,119,252,250,252,252,252,252,252,252,252,1,0,0,0,0,0,0,0,0,0,0,0,0,0,0,0,0,0,0,0,0,0,0,0,254,252
0,0,0,1,4,0,0,0,0,0,0,0,0,0,252,252,251,252,252,0,250,252,249,249,0,0,0,0,0,0,0,0,0,0,0,2,0,0,0,0,1,252,252,252,252,0,0,0,0,0,0,0,0,0,0,0,0,0,0,0,0,0,0,0,0,0,0,0,0,0,0,0,0,0,0,0,0,0,0,0,0,253,1,252,251,252,252,255,0,0,0,0,0,253,252,252,252,252,252,252,252,254,0,0,0,0,0,0,0,0,0,0,0,0,0,0,0,0,0,0,0,0,0,0,0,1,252,253
0,1,0,0,0,0,0,0,0,0,0,0,0,0,250,252,252,252,253,0,3,169,0,0,0,0,0,0,0,0,0,0,0,0,0,2,0,0,0,0,235,252,252,252,252,0,0,0,0,0,0,0,0,0,0,0,0,0,0,0,0,0,0,0,0,0,0,0,0,0,0,0,0,0,0,0,0,0,0,0,0,0,253,252,252,254,252,251,0,0,0,0,0,252,252,252,252,252,83,251,250,1,0,0,0,0,0,0,0,0,0,0,0,0,0,1,0,0,0,0,0,0,0,0,0,252,252,253
33,253,0,0,0,1,0,0,0,0,0,0,0,0,253,252,252,252,0,0,0,0,0,0,0,0,0,0,0,0,0,0,0,0,0,5,0,0,0,0,180,252,252,252,252,0,0,0,0,0,0,0,0,0,0,0,0,0,0,0,0,0,0,0,0,0,0,0,0,0,0,0,0,0,0,0,0,0,0,0,0,0,252,252,251,0,251,0,0,0,0,0,0,251,252,252,252,252,253,0,2,0,0,0,0,0,0,0,0,0,1,0,0,0,0,203,0,0,0,0,0,0,0,0,0,252,252,0
251,251,0,0,0,0,0,0,0,0,0,0,0,254,252,252,252,252,0,0,0,0,0,0,0,0,0,0,0,0,0,0,0,0,0,26,0,0,0,0,235,252,252,252,252,0,0,0,0,0,0,0,0,0,0,0,0,0,0,0,0,0,0,0,0,0,0,0,0,0,0,0,0,0,0,0,0,0,254,0,77,0,252,252,253,0,253,0,0,0,0,0,250,252,252,252,252,252,252,2,0,0,0,0,0,37,251,0,0,0,253,1,0,0,0,33,0,0,0,0,0,0,0,0,253,252,252,1
252,252,0,0,0,0,0,0,143,0,0,0,0,254,252,252,168,254,0,0,0,0,0,0,0,0,0,0,0,0,0,0,0,0,0,1,0,0,0,0,235,252,252,252,252,0,0,0,0,0,0,0,0,0,0,0,0,0,0,0,0,0,0,0,0,0,0,0,0,0,0,0,0,0,0,0,0,0,252,254,251,252,252,254,252,4,0,0,0,0,0,1,252,252,252,252,252,252,252,1,0,0,2,255,249,254,252,0,1,0,3,0,0,0,0,0,0,0,0,0,0,0,0,0,252,252,0,1
252,252,254,253,0,0,0,0,0,0,0,0,0,0,254,250,1,0,0,0,0,0,0,0,0,0,0,0,0,0,0,0,0,0,0,0,0,0,253,0,237,252,252,252,252,0,0,0,0,0,0,0,0,0,0,0,0,0,0,0,0,0,0,0,0,0,0,0,0,0,0,2,1,0,0,0,2,0,252,254,252,252,253,0,3,253,0,237,0,0,0,252,252,252,252,252,252,252,252,0,0,0,241,252,252,252,252,0,250,0,0,0,0,0,0,0,0,0,0,0,0,0,0,3,252,196,0,0
36,252,252,252,0,0,0,0,0,0,0,0,0,0,1,244,2,0,0,0,0,0,0,0,0,0,0,0,0,0,0,0,0,0,0,0,0,0,253,0,41,252,252,252,252,1,0,0,0,0,0,0,0,0,0,0,0,0,0,0,0,0,0,0,0,0,0,0,0,0,0,249,1,0,0,0,5,0,255,78,252,252,17,0,1,30,0,3,0,0,7,252,252,252,252,252,252,252,252,0,104,253,252,252,252,252,252,252,252,235,0,0,0,255,3,0,0,0,0,0,0,0,0,254,252,0,0,0
0,0,253,252,0,0,0,0,0,0,0,0,0,0,0,0,251,1,0,0,0,0,0,0,0,0,0,0,0,0,0,0,0,0,0,0,0,0,251,0,0,252,252,252,252,223,0,0,0,0,0,0,0,0,0,0,0,0,0,0,0,0,0,0,0,0,0,0,0,255,241,254,1,0,0,0,0,0,253,0,0,252,0,0,0,0,252,1,0,72,254,252,252,252,252,252,252,252,254,3,251,252,252,216,252,252,252,252,252,252,252,0,0,255,250,0,0,0,0,0,0,0,2,255,252,0,0,2
0,0,0,252,253,1,1,0,0,0,0,129,0,0,0,0,252,3,0,0,0,0,0,0,0,0,0,0,0,0,0,0,0,0,0,0,0,1,252,0,1,252,252,252,252,252,0,0,0,0,0,0,0,0,0,0,0,0,0,0,0,0,0,0,0,0,0,2,254,252,252,2,0,0,0,0,0,0,0,0,0,250,0,0,0,0,253,251,0,253,252,42,252,252,252,252,254,1,1,252,252,252,251,0,252,252,252,252,252,252,252,168,0,252,7,0,0,251,0,0,0,0,250,252,252,196,0,253
0,0,0,232,252,252,252,1,0,0,2,252,0,0,0,50,253,0,0,0,0,0,0,0,0,0,0,0,0,0,0,0,0,0,0,0,0,0,253,46,0,252,252,252,252,252,0,0,0,0,0,0,0,0,0,0,0,0,0,0,0,0,0,0,0,1,0,252,252,252,252,0,0,1,0,2,253,0,147,0,252,189,0,0,0,0,1,252,3,1,253,1,252,252,252,251,107,2,254,252,252,250,0,0,252,251,252,252,252,252,252,252,147,252,252,146,146,252,0,0,0,0,252,252,252,254,1,252
0,0,0,0,252,252,252,2,0,0,253,250,33,0,0,1,0,0,0,0,0,0,0,0,0,0,0,0,0,0,0,0,0,0,0,0,0,0,129,2,1,252,252,252,252,252,0,0,0,0,0,0,0,0,0,0,0,0,0,0,0,0,0,0,0,253,250,252,252,252,252,0,0,0,0,1,254,1,253,1,252,0,0,0,0,0,1,252,253,250,0,3,252,252,252,0,1,252,253,249,192,0,0,0,1,1,252,252,252,252,252,252,253,252,252,252,252,250,0,0,0,251,252,252,252,253,1,252
0,0,0,0,155,252,253,254,0,0,1,2,21,0,12,0,0,0,0,0,0,0,0,0,0,0,0,0,0,0,0,0,0,1,0,38,0,0,0,0,0,252,252,252,252,255,0,0,0,0,0,0,0,0,0,0,0,0,0,0,0,0,0,1,252,252,252,252,252,252,252,0,0,0,0,251,252,253,252,252,255,1,0,0,0,0,0,160,252,252,0,251,252,252,28,0,253,252,252,252,1,0,0,0,0,0,0,2,252,252,252,252,252,252,252,252,254,153,0,0,0,251,252,252,252,252,252,252
0,0,0,0,0,0,0,0,0,0,0,0,3,254,252,0,0,0,0,0,0,0,0,0,0,0,0,0,0,0,0,0,1,253,254,252,0,0,0,0,0,252,252,252,252,253,0,0,0,0,0,0,0,0,0,0,0,0,0,0,0,0,0,112,252,252,252,252,252,252,252,0,0,1,0,253,252,252,252,252,253,0,0,0,0,0,0,0,249,252,183,252,252,252,1,80,252,252,252,1,0,254,0,0,0,0,0,0,0,0,2,249,252,252,252,250,234,0,0,0,1,251,252,252,252,252,252,252
0,0,0,0,0,0,0,0,0,0,0,0,252,252,252,0,0,0,0,0,0,0,0,0,0,0,0,0,0,0,0,0,2,252,252,0,0,0,0,0,0,252,252,252,252,252,0,0,0,0,0,0,0,0,0,0,0,0,0,0,0,0,0,90,252,252,252,252,252,252,251,0,1,252,3,0,252,252,254,254,0,0,0,0,0,0,0,0,0,252,253,252,252,252,55,252,252,252,251,0,0,254,0,0,0,0,0,0,0,0,0,251,252,252,252,0,0,0,0,0,35,252,252,252,252,252,252,252
0,0,0,0,0,0,0,0,0,0,0,0,252,252,252,0,0,0,0,0,0,0,0,0,0,0,0,0,0,0,0,0,2,252,252,1,0,0,0,0,0,252,252,252,252,251,0,0,0,0,0,0,0,0,0,0,0,0,0,0,0,0,0,0,252,252,252,252,252,252,250,0,254,252,107,251,252,252,250,0,0,0,0,0,0,0,0,0,0,254,252,0,251,252,249,252,252,252,1,0,1,253,0,0,0,0,0,0,0,0,2,251,252,252,252,25,0,0,29,1,252,252,252,252,252,252,252,252
0,0,0,0,0,0,0,0,0,0,0,0,252,252,252,253,0,0,0,0,0,0,0,0,0,0,0,2,0,0,0,0,2,252,0,0,0,0,0,0,0,252,252,252,252,253,0,0,0,0,0,0,0,0,0,0,1,0,0,0,0,0,0,1,253,0,249,251,0,254,252,250,251,0,2,252,252,252,0,0,0,0,0,0,0,0,0,0,0,1,252,0,248,2,252,252,251,0,0,5,1,2,0,0,0,0,0,0,0,0,0,1,252,252,252,253,0,0,1,253,252,252,252,252,252,252,252,251
0,0,0,0,0,0,0,1,0,0,0,0,252,252,252,250,0,0,0,0,0,0,0,0,2,0,0,251,251,0,0,0,0,252,2,0,0,0,0,0,0,252,252,252,252,252,1,0,0,0,0,0,0,0,0,3,251,1,0,250,0,0,0,0,2,0,0,0,0,255,252,252,252,0,1,252,251,25,0,0,0,0,0,0,0,0,0,0,0,0,252,0,0,0,252,252,0,0,0,0,0,0,0,0,0,0,0,0,0,0,0,0,252,252,252,252,0,1,111,252,252,252,252,252,252,252,251,1
0,0,0,0,0,0,0,1,0,0,135,0,252,252,252,252,0,0,0,0,0,0,0,0,251,252,252,252,252,253,254,209,18,253,2,0,0,0,0,0,0,252,252,252,252,252,0,0,0,0,0,0,0,0,0,251,46,253,2,252,2,0,0,112,93,0,0,2,0,252,252,252,252,0,252,252,1,0,0,0,0,0,0,0,0,0,0,0,0,0,252,1,0,0,251,0,0,0,0,0,0,0,0,0,0,0,0,0,0,0,0,0,252,252,252,252,252,252,251,252,252,252,252,252,252,250,0,0
0,0,0,0,0,0,0,0,0,0,251,0,252,252,252,252,0,0,0,0,0,0,0,0,252,252,252,252,252,252,252,252,252,251,0,0,0,0,0,0,0,252,252,252,252,252,0,0,0,0,0,0,0,0,2,251,0,251,0,252,1,0,0,253,252,0,0,187,185,252,252,252,252,0,252,252,0,0,0,0,0,0,0,0,0,0,0,0,0,0,27,252,0,232,1,0,0,0,0,0,0,0,0,0,0,0,0,0,0,0,0,0,252,252,252,252,252,252,252,252,252,252,252,252,252,253,0,0
0,0,0,0,0,0,0,0,0,253,90,0,0,252,252,252,0,0,0,0,0,0,0,1,252,252,252,252,252,252,252,252,252,2,0,0,0,0,0,0,0,252,252,252,252,252,0,0,0,0,0,0,0,249,252,253,1,251,0,252,140,0,0,253,252,0,163,252,252,252,252,252,53,0,3,252,252,0,1,0,1,251,1,0,0,0,0,0,0,0,0,254,0,253,0,0,0,0,0,0,1,0,0,0,0,0,0,0,0,0,0,0,251,252,252,252,252,252,252,252,252,252,252,252,251,0,0,0
0,0,0,0,0,0,0,0,0,0,2,0,0,1,252,252,0,0,0,0,0,0,0,19,252,252,252,252,248,252,252,252,252,0,0,0,0,0,0,0,0,252,252,252,252,252,0,0,0,0,0,0,1,252,252,252,45,1,0,253,252,0,0,0,252,252,252,252,252,252,252,117,0,0,0,249,252,1,252,1,255,252,0,0,0,1,0,0,0,0,0,1,248,0,0,0,0,0,0,0,68,0,0,0,0,0,0,0,0,0,0,0,0,23,252,254,252,204,114,252,252,252,252,253,0,0,0,0
0,0,0,0,0,0,0,0,0,0,203,2,0,0,253,252,0,0,0,0,0,0,251,17,252,252,252,252,155,252,252,252,252,0,0,0,0,0,0,0,0,252,252,252,252,252,1,0,0,0,0,1,0,252,252,252,252,0,0,252,252,0,0,1,252,252,252,251,251,252,251,0,0,0,0,0,252,2,12,252,254,251,0,0,85,0,0,0,0,33,0,0,1,0,0,0,0,0,0,0,252,0,0,0,0,0,0,0,0,253,116,0,0,251,0,0,254,0,0,252,252,252,252,1,0,0,0,0
0,0,0,0,0,0,0,0,0,252,252,62,0,0,253,252,0,0,0,0,0,0,252,3,252,252,252,252,190,252,252,252,252,253,0,0,0,0,0,0,0,252,252,252,252,252,0,0,0,0,254,0,254,252,252,252,252,21,0,253,252,0,0,90,252,252,252,22,0,252,1,0,0,0,0,0,252,250,0,0,224,252,0,0,187,0,0,0,0,1,0,0,1,26,0,0,0,0,0,0,252,0,0,0,0,0,0,0,0,252,251,254,0,253,251,2,1,0,0,252,252,252,253,3,0,0,0,0
0,0,0,0,0,0,0,0,0,252,252,246,0,0,0,36,0,0,0,0,0,252,252,0,252,252,252,252,252,252,252,183,252,252,252,0,0,0,0,0,0,252,252,252,252,252,0,0,0,0,252,250,252,252,252,252,252,252,0,184,252,53,0,254,252,252,252,4,250,163,0,0,0,0,0,0,254,252,0,0,0,0,0,0,0,0,0,0,0,0,0,0,253,252,0,0,0,0,0,0,252,3,0,0,0,0,0,0,0,252,252,253,0,252,252,253,254,0,1,252,252,251,0,0,0,0,0,0
0,0,0,0,0,0,0,0,0,0,252,60,0,0,0,0,0,0,0,0,252,252,252,0,252,252,252,252,252,252,252,253,252,252,252,0,0,0,0,0,0,254,252,252,252,252,0,0,0,40,252,252,252,252,252,252,252,252,0,246,252,252,252,252,252,252,252,43,252,0,0,0,0,0,1,0,252,252,231,2,0,0,0,0,0,0,0,0,0,0,0,0,252,252,3,0,1,0,0,0,251,0,0,0,0,0,0,0,0,252,252,253,0,252,253,252,251,253,252,252,251,1,0,0,0,0,0,0
0,0,0,0,0,0,0,0,0,0,1,2,0,0,0,0,0,0,0,0,252,252,252,0,252,252,252,252,252,252,252,250,252,252,252,1,0,0,0,0,0,254,252,252,252,252,114,0,0,253,252,252,252,252,252,252,252,252,252,248,252,252,252,252,252,252,252,249,252,0,0,0,0,0,1,0,248,252,250,10,0,0,0,0,0,0,0,0,0,0,0,0,143,252,1,0,0,0,0,0,253,0,0,0,0,0,0,0,0,252,252,252,0,252,251,252,252,252,252,252,252,0,2,0,0,0,0,0
0,0,0,0,0,0,0,0,0,0,0,0,0,0,0,0,0,0,0,0,252,252,252,0,1,252,252,252,252,252,252,252,252,252,252,250,0,0,0,0,0,252,252,252,252,252,248,0,253,252,252,252,252,252,252,252,252,252,250,250,252,252,252,252,252,252,253,0,0,0,56,248,1,0,0,0,0,252,252,0,0,0,0,0,0,0,0,0,0,0,0,0,0,252,255,0,14,213,0,0,252,0,0,0,0,0,0,0,0,252,252,252,202,251,247,252,5,251,252,252,2,2,254,0,0,0,0,0
0,0,0,0,0,0,0,0,0,0,0,0,0,0,0,0,0,0,0,0,250,252,252,253,222,252,252,252,252,252,252,252,252,252,252,252,1,0,0,0,0,252,252,252,252,252,254,1,210,252,252,252,252,252,252,252,252,252,252,252,252,252,176,250,251,1,0,0,0,0,252,252,0,0,0,0,0,254,252,254,0,0,0,0,0,0,0,0,0,0,0,0,1,253,252,0,0,252,0,237,252,0,0,0,0,0,0,0,0,253,252,252,203,0,1,253,0,0,252,252,0,244,252,0,0,0,0,0
0,0,0,0,0,1,3,252,0,0,0,0,0,0,0,0,0,0,1,0,1,252,252,252,252,252,252,252,252,252,252,252,252,252,252,252,252,221,3,0,2,252,252,252,252,252,252,251,2,252,252,252,254,252,252,252,252,252,251,254,251,252,0,1,0,0,0,0,0,1,251,252,143,0,0,0,0,249,252,254,0,0,0,0,0,0,0,0,0,0,0,0,0,251,252,0,0,252,0,252,5,0,0,0,0,0,0,0,0,25,252,252,0,0,0,1,0,1,252,0,138,252,252,3,0,0,0,0
0,0,0,0,0,179,252,252,251,0,0,0,0,0,0,0,0,0,253,0,177,252,252,252,252,252,252,252,252,252,252,252,252,252,203,252,252,254,253,0,167,252,252,252,252,0,252,252,2,252,252,252,251,252,252,252,252,252,179,0,245,252,0,252,0,0,0,0,0,1,4,252,0,0,0,0,0,248,252,252,0,0,0,0,0,0,0,0,0,0,0,0,0,202,252,1,0,252,0,251,0,0,0,0,0,0,0,0,0,1,251,252,0,0,0,0,0,254,252,0,252,1,252,250,0,0,0,0
0,0,0,0,0,252,252,252,254,0,0,0,0,0,0,0,0,194,252,253,252,252,252,252,252,252,252,252,252,252,252,252,252,252,252,252,252,252,252,252,253,252,252,251,0,0,253,252,0,252,252,252,252,51,252,252,252,252,252,1,252,252,2,2,0,0,0,3,2,252,0,1,1,0,0,0,0,0,252,252,2,0,0,0,0,0,0,0,0,0,0,0,0,0,252,252,1,252,0,252,0,0,0,0,0,0,0,0,0,0,253,252,0,2,2,0,253,252,1,254,252,0,252,251,0,0,0,0
0,0,0,0,0,252,252,252,2,0,0,0,0,0,0,0,1,251,252,252,252,252,252,252,252,252,252,252,252,252,252,252,252,252,252,252,252,252,252,252,252,252,123,1,0,0,1,123,0,251,252,252,252,252,252,252,252,252,252,252,252,253,0,0,0,0,0,19,1,252,0,1,1,0,0,0,0,0,252,252,177,0,0,0,0,0,0,0,0,0,0,0,0,0,254,255,0,252,0,251,0,0,0,0,0,0,0,0,0,0,253,252,0,231,2,2,252,80,0,252,252,252,252,252,0,0,0,0
0,0,0,0,0,255,149,0,0,0,0,0,0,0,0,0,1,252,252,252,252,252,252,252,252,0,0,252,252,252,252,252,252,252,252,252,252,252,252,252,252,0,0,0,0,0,0,0,0,254,252,252,252,252,251,252,252,252,252,252,252,5,0,0,0,0,252,254,1,252,0,0,168,0,1,251,1,0,252,252,252,1,0,0,0,0,0,0,0,0,0,0,0,0,251,252,9,253,0,252,127,0,0,0,0,0,0,0,0,1,252,252,1,3,0,248,252,5,0,251,252,252,252,252,0,0,0,0
0,0,0,0,0,1,1,0,0,0,0,0,0,0,0,0,133,252,252,252,252,252,252,252,1,0,1,252,252,252,252,252,252,252,252,252,252,252,252,252,252,0,0,0,0,0,0,0,0,253,252,252,252,252,0,252,252,252,252,252,252,0,0,0,0,254,252,252,250,252,253,0,254,0,29,252,251,251,252,252,252,1,0,0,0,0,0,0,0,0,0,0,0,0,0,252,251,252,1,252,131,0,0,0,0,0,0,0,0,1,252,252,254,1,1,253,1,0,1,252,252,252,252,252,0,0,0,0
0,0,0,0,0,0,0,0,0,0,0,0,0,0,0,0,250,252,252,252,252,252,252,3,0,0,0,252,252,252,252,252,252,252,252,252,252,252,252,252,252,0,0,0,0,0,0,0,0,252,252,252,252,233,253,252,252,0,3,0,254,5,0,0,254,252,252,252,252,252,252,252,252,0,254,252,252,252,253,252,252,0,0,0,0,0,0,0,0,0,0,0,0,0,0,252,252,252,0,252,0,0,0,0,0,0,0,0,0,120,252,252,254,1,1,250,0,60,105,251,250,252,252,252,0,0,0,0
0,0,0,0,0,0,0,0,0,0,0,0,0,0,0,0,252,252,252,252,252,252,252,0,2,0,0,252,252,252,252,252,252,252,250,252,252,252,252,252,252,0,0,0,0,0,154,35,1,252,251,248,2,0,252,252,252,0,0,0,249,250,0,0,252,250,255,253,252,252,252,252,252,0,253,252,252,254,1,252,252,252,0,0,0,0,0,0,0,0,0,0,0,0,0,252,252,252,0,252,0,0,0,0,0,0,1,252,252,252,254,0,253,254,0,252,1,252,0,251,252,251,252,252,0,0,0,0
0,0,0,0,0,0,0,0,0,0,0,0,0,0,1,0,249,252,252,252,252,252,254,5,250,254,252,252,252,252,252,252,252,251,254,252,252,252,252,252,254,254,252,0,6,252,252,252,252,254,255,0,3,253,252,249,252,0,0,0,253,250,0,0,254,1,2,223,252,254,241,253,252,117,252,252,252,0,0,252,252,252,0,0,0,0,0,0,0,0,0,0,0,0,0,252,252,252,0,251,0,0,0,0,0,0,251,252,252,252,1,176,1,0,0,254,193,12,0,0,252,200,252,252,0,1,251,252
0,0,0,0,0,0,0,0,0,0,0,0,0,0,4,0,84,252,252,252,252,252,0,5,252,252,252,253,254,252,252,252,252,0,254,252,252,252,252,252,0,254,252,0,252,252,252,252,252,253,0,0,0,254,252,6,252,0,0,0,250,254,0,1,251,0,0,0,238,0,0,0,252,253,252,252,252,0,0,61,252,252,0,0,0,0,0,0,0,0,0,0,0,0,0,236,252,252,0,253,0,0,0,0,0,0,0,252,252,252,0,251,0,0,4,0,254,252,0,0,252,0,252,252,0,253,254,253
0,0,0,0,0,0,0,0,0,0,0,0,0,0,0,0,0,122,252,251,254,1,0,255,252,254,252,1,0,0,1,36,0,0,252,252,252,252,252,252,3,254,4,0,252,252,252,251,252,0,0,0,227,252,251,1,251,4,0,0,0,0,219,234,251,0,0,0,0,0,0,0,252,252,252,252,252,0,0,0,252,252,0,0,0,0,0,0,0,0,0,0,0,0,0,0,252,252,0,252,0,0,0,0,0,0,1,1,252,252,1,0,0,0,2,0,247,252,0,0,253,254,252,252,252,252,252,252
0,0,0,0,0,0,0,0,0,0,0,0,0,0,0,0,1,0,252,0,0,0,0,251,253,0,0,0,0,0,0,0,0,0,252,252,252,252,252,252,254,251,0,1,252,253,0,252,250,0,2,0,252,252,252,0,1,254,0,0,0,0,251,252,252,65,0,0,0,252,252,253,252,252,252,252,252,197,0,0,251,252,253,0,0,0,0,0,0,0,0,0,0,0,0,0,252,251,0,254,0,0,0,0,1,195,242,209,0,253,0,0,0,0,0,0,253,252,0,0,252,252,252,252,252,252,252,252
0,0,0,0,0,0,0,0,0,0,0,0,0,0,0,0,0,252,253,0,0,0,0,254,252,0,0,0,0,0,0,0,0,0,252,252,252,252,253,85,251,251,0,1,252,251,10,253,16,0,161,252,252,252,173,0,0,253,0,3,178,2,252,252,251,251,251,252,251,252,252,250,251,252,251,252,252,254,0,0,252,252,251,0,0,0,0,0,0,0,0,0,0,0,0,0,252,252,0,31,0,0,0,0,234,255,1,0,0,1,0,0,0,0,0,0,251,1,0,0,252,252,252,252,253,252,252,252
0,0,0,0,0,0,0,0,0,0,0,0,0,0,0,0,0,252,51,0,0,0,0,8,0,0,0,0,0,0,0,0,0,0,252,252,252,252,0,146,252,252,0,251,252,252,2,0,2,2,253,252,252,252,1,1,252,252,1,1,252,251,252,252,252,252,252,252,252,252,252,0,251,252,0,252,252,254,0,0,151,252,252,0,0,0,0,0,0,0,0,0,0,0,146,251,252,252,0,0,0,0,0,0,253,0,1,0,0,0,0,0,0,0,0,0,253,1,0,0,252,252,252,252,252,252,252,252
0,0,0,0,0,0,0,0,0,0,0,0,0,0,0,0,0,251,2,0,0,0,0,0,0,0,0,0,0,0,0,0,0,0,253,252,0,122,252,252,252,252,253,252,252,2,0,0,252,251,252,252,252,252,1,252,252,252,251,251,252,252,252,252,253,131,0,252,252,252,252,0,250,252,1,252,252,252,0,0,3,252,252,0,0,0,0,0,0,0,0,0,2,250,252,252,254,1,0,0,0,0,0,254,1,0,0,0,0,0,0,0,0,0,0,0,0,0,123,252,252,252,252,252,252,252,252,252
0,0,0,0,0,0,0,0,0,0,0,0,0,0,0,0,0,194,121,0,0,0,0,0,0,0,0,0,0,0,0,0,0,0,251,253,252,252,252,252,252,252,252,252,2,0,1,0,252,252,252,252,252,155,252,252,252,252,252,252,252,119,252,252,0,1,253,252,252,252,252,252,252,252,252,1,252,0,0,19,252,252,252,0,0,0,0,0,0,0,0,0,252,252,252,252,251,0,0,0,0,0,0,0,0,0,0,0,0,0,0,0,0,0,0,0,61,99,252,252,252,252,252,252,252,252,252,252
0,0,0,0,0,0,0,0,0,0,0,0,0,0,0,0,0,2,1,0,0,0,0,0,0,0,0,0,0,0,0,0,0,0,251,251,252,252,252,191,252,252,252,252,0,0,254,0,254,252,252,252,252,1,252,252,252,252,252,252,252,0,252,252,253,253,251,252,252,252,252,252,252,252,252,1,252,0,1,252,252,252,252,253,0,0,0,0,0,0,0,253,253,252,252,253,4,0,1,0,0,0,1,0,0,0,0,0,0,0,0,0,0,1,0,0,247,252,252,252,252,252,252,252,252,252,252,252
0,0,0,0,0,0,0,0,0,0,0,0,0,0,0,0,0,0,0,0,0,0,0,0,0,0,0,0,0,0,0,0,0,0,249,252,252,252,252,252,0,252,250,0,0,27,254,0,253,252,252,252,1,0,224,252,252,252,252,252,252,0,252,252,252,252,252,252,252,252,252,252,252,252,252,1,252,0,3,252,252,252,252,252,0,0,0,0,0,0,254,252,252,252,252,253,0,247,1,0,0,254,251,52,52,0,0,0,0,0,0,0,0,254,252,1,252,252,252,252,252,252,252,252,252,252,252,252
0,0,0,0,0,0,0,0,0,0,0,0,0,0,0,0,0,0,0,0,0,0,0,0,0,0,0,0,0,0,0,0,0,1,252,252,252,252,253,252,0,0,0,0,0,252,252,3,252,252,252,254,0,0,0,252,252,252,252,252,252,0,252,252,252,252,252,252,252,252,1,3,252,252,4,0,0,0,246,252,252,252,252,252,67,0,0,0,1,251,252,252,254,253,252,13,0,252,0,0,1,252,252,252,252,253,216,1,0,0,0,0,252,252,252,250,252,252,252,252,252,252,252,252,252,252,252,252
0,0,0,0,0,0,0,0,0,0,0,0,0,0,0,0,0,0,0,0,0,0,0,0,0,0,0,0,2,4,201,252,13,252,252,252,252,248,245,252,0,0,0,0,0,252,252,252,252,252,252,2,0,0,0,251,252,252,252,254,2,254,252,252,252,252,252,252,255,254,0,0,252,252,0,0,0,0,0,252,252,254,251,252,250,0,0,0,7,252,252,252,1,0,0,253,252,0,0,0,252,252,252,251,252,252,252,0,3,0,2,176,252,246,0,250,252,252,252,252,252,252,252,252,252,252,252,252
0,0,0,0,0,0,0,0,0,0,0,0,0,0,0,0,0,0,0,0,0,0,0,0,0,0,0,251,252,253,251,252,254,252,252,252,250,0,0,252,0,0,0,0,0,252,252,252,252,252,252,0,0,0,0,252,252,252,252,0,0,251,252,252,252,252,252,252,254,0,1,2,252,252,0,0,0,0,0,252,252,0,142,252,251,0,0,0,254,252,252,252,0,0,0,254,251,0,0,253,252,252,252,207,251,252,252,0,144,0,235,254,252,3,2,3,252,252,252,252,252,252,252,252,252,252,252,252
0,0,0,0,0,0,0,0,0,0,0,0,0,0,253,251,0,0,0,0,0,0,0,1,0,0,84,252,252,252,252,252,252,252,252,252,253,225,2,252,0,0,0,0,0,252,252,252,252,252,252,0,0,0,0,143,252,252,253,1,0,10,252,252,252,253,43,1,1,0,0,0,252,251,0,2,1,0,0,252,252,0,1,252,253,0,207,252,252,252,252,2,0,0,0,252,0,0,0,252,252,251,1,0,250,0,0,0,44,252,252,251,2,0,0,0,44,252,252,252,252,252,252,252,252,252,252,252
0,0,0,0,0,0,0,0,0,0,0,0,0,0,252,252,251,0,0,0,0,0,1,254,252,0,252,252,252,252,252,252,252,252,67,252,35,254,233,252,1,11,0,0,252,252,252,252,252,252,252,251,0,0,0,0,252,252,252,0,0,0,250,252,252,85,0,0,0,0,0,0,252,254,250,1,1,0,0,252,250,0,2,252,252,252,252,252,254,2,0,0,0,0,0,241,0,0,206,252,252,1,0,0,253,0,0,0,0,252,252,1,0,0,0,0,1,252,252,252,252,252,252,252,252,252,252,252
0,0,0,0,0,0,0,0,0,0,0,0,0,158,252,252,63,0,0,0,0,0,1,252,252,252,252,252,251,252,252,252,252,0,0,0,1,252,252,252,252,252,0,252,252,252,252,252,252,252,252,252,2,0,0,0,252,249,0,0,0,0,0,252,252,0,0,0,0,0,0,81,252,252,251,0,0,0,252,252,251,0,0,253,252,252,252,253,219,1,0,0,0,0,0,0,0,0,252,252,254,0,0,0,0,0,0,0,0,254,54,0,0,1,0,0,0,252,252,252,252,252,252,252,252,252,252,252
0,0,0,0,0,0,0,0,0,0,0,0,1,253,252,252,0,0,0,252,0,0,239,252,252,252,252,251,0,252,252,252,252,0,0,0,0,252,252,252,252,252,0,253,252,252,252,252,252,252,252,252,1,0,0,0,253,252,0,0,0,0,1,252,252,0,0,0,0,0,0,252,252,252,252,0,0,0,249,252,74,0,0,251,252,252,252,251,1,0,0,0,0,0,0,0,0,0,252,252,251,0,0,0,0,0,0,138,0,1,1,0,0,253,0,0,2,252,252,252,252,252,252,252,252,252,252,252
0,0,0,0,0,0,0,0,0,0,0,0,250,252,252,252,0,0,115,252,67,0,254,252,252,252,252,0,0,0,250,251,252,212,0,0,0,252,252,252,252,252,0,252,0,252,252,252,252,252,252,252,251,0,0,0,1,0,0,0,0,0,0,252,254,0,0,0,0,0,0,253,252,252,1,0,0,251,252,253,1,0,0,160,252,252,252,0,0,0,0,0,0,0,0,0,0,253,252,252,252,0,0,0,0,0,0,252,0,0,0,0,0,255,0,0,253,252,252,252,252,252,252,252,252,252,252,252
0,0,0,0,0,0,0,0,0,0,0,22,252,252,252,252,254,253,252,252,254,0,251,252,252,251,2,0,0,0,0,0,252,252,0,252,47,252,252,252,252,252,1,65,1,252,252,252,252,252,252,252,252,58,0,0,0,0,0,0,0,0,0,1,253,0,0,0,0,0,0,253,252,252,0,0,0,254,252,0,0,0,0,254,253,253,0,0,1,0,0,0,0,0,0,0,1,252,252,252,254,0,0,0,0,0,0,0,0,0,0,0,0,0,0,250,252,251,252,252,252,252,252,252,252,252,252,252
0,0,0,0,0,0,0,0,0,0,0,253,252,252,250,252,252,252,252,252,252,0,252,252,250,0,0,0,0,0,0,0,252,250,0,252,250,252,252,252,252,252,1,251,252,252,252,252,252,252,252,253,253,251,253,1,247,0,0,0,0,1,3,0,252,69,0,0,0,0,0,249,78,252,1,0,2,252,252,0,0,0,36,68,0,253,0,0,252,180,0,0,0,0,0,0,252,252,252,252,250,0,0,0,0,0,0,0,0,0,0,0,0,0,0,1,253,163,1,252,252,252,252,252,252,252,252,252
0,0,0,0,0,0,0,0,0,0,0,0,219,252,192,249,252,253,253,0,252,253,252,252,0,0,0,0,0,0,0,0,249,248,0,252,252,252,252,252,252,252,254,250,252,252,252,252,252,252,252,252,250,253,251,2,254,0,0,0,0,251,251,0,252,252,0,0,0,0,0,254,0,251,1,0,253,252,251,0,1,0,254,0,0,248,0,26,252,252,0,0,0,0,0,0,252,252,252,0,253,0,0,0,0,0,0,0,0,0,0,0,0,0,0,0,0,0,0,1,252,252,252,252,252,252,252,252
0,0,0,0,0,0,0,0,0,0,0,0,254,229,0,252,252,0,1,0,252,252,252,252,0,0,0,0,0,0,0,0,3,254,0,252,252,252,252,252,252,0,252,252,252,252,252,0,232,253,0,2,252,252,1,0,252,0,0,0,0,252,252,0,0,0,0,0,0,0,0,240,2,254,252,0,252,252,252,0,174,252,253,0,0,1,251,252,2,253,0,0,0,0,0,238,252,252,1,251,252,1,0,0,1,0,0,0,0,0,0,0,0,0,0,244,1,253,252,253,0,252,252,248,0,0,0,0
0,0,0,0,0,0,0,0,0,0,0,2,252,3,0,252,252,0,0,0,254,252,0,253,0,0,0,0,0,0,0,0,0,254,2,252,252,252,252,252,252,0,253,252,252,252,252,1,0,252,0,0,250,252,0,0,252,0,0,0,0,252,252,248,0,0,0,0,0,0,0,2,247,140,252,252,252,252,251,3,0,1,1,0,0,0,252,252,205,252,0,0,0,0,0,252,252,252,0,252,252,100,0,0,254,0,0,0,0,0,0,0,0,0,6,252,252,252,252,252,251,252,252,252,254,1,0,252
0,0,0,0,0,0,0,0,0,0,0,0,253,1,0,252,0,0,0,0,0,0,0,1,0,0,0,0,0,0,0,0,14,252,0,252,252,252,252,252,252,0,254,245,252,252,252,0,0,0,0,243,254,0,0,0,252,0,0,0,0,253,252,238,1,0,0,0,0,0,0,0,249,0,252,252,252,251,253,224,0,0,0,0,0,0,252,252,252,251,0,0,0,0,0,252,252,254,1,252,252,118,252,252,255,0,0,0,0,0,1,223,252,226,1,252,252,252,252,252,252,252,252,252,252,252,252,252
0,0,0,0,0,0,0,0,0,0,0,250,253,0,0,252,0,0,0,0,0,0,0,1,0,0,0,0,0,0,0,0,1,252,198,252,252,252,252,252,252,0,253,0,252,249,252,0,0,0,1,253,52,0,0,0,252,0,0,0,0,250,253,23,255,0,0,0,0,0,0,0,137,1,252,252,253,254,253,91,253,253,254,252,1,0,251,252,252,1,0,0,0,0,254,252,252,43,254,252,252,0,252,252,255,0,0,0,203,251,253,250,252,251,252,252,252,252,252,252,252,252,252,252,252,252,252,252
0,0,0,0,0,0,0,0,0,0,0,252,254,0,185,252,2,254,121,0,0,0,0,0,0,0,0,0,0,0,0,0,0,252,252,252,252,74,252,252,252,0,1,0,251,2,252,0,253,252,252,252,0,0,0,253,252,0,0,0,0,0,247,1,1,0,0,0,0,0,0,0,0,251,252,254,1,1,0,1,252,252,252,252,1,0,236,252,252,0,0,0,0,0,252,252,252,251,252,252,163,0,252,252,251,252,176,250,252,252,252,252,252,252,252,252,252,252,252,252,252,252,252,252,252,252,252,252
0,0,0,0,0,0,0,0,0,0,252,252,251,0,251,251,0,3,0,0,0,0,0,0,0,0,0,0,0,0,0,0,0,252,252,252,253,41,254,252,252,250,0,0,251,0,251,252,252,252,252,252,0,0,252,252,252,0,0,0,0,0,0,1,1,1,41,0,0,0,253,251,1,251,253,0,0,0,0,0,254,252,252,252,181,1,0,252,252,0,0,2,0,1,252,252,252,252,252,254,0,0,0,252,252,252,252,252,252,253,252,252,252,252,252,252,252,252,252,252,252,252,252,252,252,252,252,252
0,0,0,0,0,0,0,0,0,194,252,252,250,0,249,98,0,0,0,0,0,0,0,0,0,0,0,0,0,0,0,0,0,252,252,252,1,1,252,252,252,253,0,0,47,66,251,252,252,252,252,252,129,253,252,252,252,0,1,1,133,0,251,249,252,253,251,0,0,253,252,123,0,0,0,0,0,0,0,1,254,252,252,252,253,0,0,252,252,2,1,252,1,219,252,252,252,252,252,0,1,0,0,252,252,252,252,252,252,254,199,252,252,252,252,252,252,252,252,252,252,252,252,252,252,252,252,252
0,0,0,0,0,0,0,0,0,251,252,252,252,0,252,0,0,0,0,0,0,0,0,0,0,0,0,0,0,0,0,0,0,252,252,252,0,98,252,252,252,254,0,0,93,253,252,252,252,252,252,252,253,252,252,252,252,253,253,251,252,253,252,252,252,252,252,0,0,251,251,3,0,0,0,0,0,0,0,0,1,252,252,252,252,253,0,252,252,253,2,252,254,252,252,252,252,252,252,0,2,252,252,252,252,252,252,252,252,252,253,252,252,252,252,252,252,252,252,252,252,252,252,252,252,252,252,252
0,0,0,0,0,0,0,0,1,252,252,252,252,0,252,2,0,0,0,0,0,0,0,0,0,0,0,0,0,0,0,0,0,252,0,222,0,0,251,252,252,2,0,0,248,252,252,252,252,252,252,252,252,252,252,252,252,252,252,252,252,252,252,252,252,252,253,3,0,0,1,0,0,0,0,0,0,0,0,0,0,251,252,252,252,254,0,2,250,252,250,252,252,252,171,0,252,252,252,0,251,1,253,252,252,252,252,252,252,252,97,252,252,252,252,252,252,252,252,252,252,252,252,252,252,252,252,252
0,0,0,0,0,0,0,0,1,252,252,252,252,0,253,253,0,0,1,1,0,0,0,0,0,0,1,0,0,1,1,0,0,252,253,0,0,0,253,252,252,0,0,0,252,252,252,252,252,252,252,252,252,252,252,252,252,252,252,252,252,253,253,253,193,1,253,0,0,0,0,0,0,0,0,0,0,0,0,0,0,220,252,252,252,252,0,0,250,252,252,252,252,252,0,0,248,252,252,60,252,1,0,253,252,252,252,252,252,253,0,6,251,252,252,252,248,252,252,252,252,252,252,252,252,252,252,252
0,0,0,0,0,0,0,0,1,252,252,252,248,0,255,254,251,0,5,252,0,0,36,0,0,0,251,251,36,252,1,0,0,252,251,0,0,0,177,252,252,0,0,0,252,252,252,252,251,252,217,217,218,217,217,217,252,252,252,252,217,1,0,120,0,0,2,0,0,0,0,0,0,0,0,0,0,0,0,0,0,1,218,252,252,253,0,0,41,252,252,247,254,64,0,0,45,252,252,253,252,1,0,1,0,252,252,252,252,0,0,0,2,252,252,252,1,252,252,252,252,252,252,252,252,252,252,252
0,0,0,254,252,0,254,0,2,252,252,252,32,0,3,252,251,12,253,252,0,0,250,0,0,0,252,121,1,234,0,254,11,248,252,0,0,0,3,252,0,0,0,253,252,252,252,251,0,1,0,0,0,0,0,0,0,0,1,0,0,0,0,0,0,0,0,0,0,0,0,0,0,0,0,0,0,19,0,0,0,0,3,254,252,252,0,0,1,252,252,254,251,0,0,0,254,252,252,252,252,0,0,0,0,1,37,254,0,0,0,0,1,252,252,252,250,0,253,252,252,252,252,252,252,252,252,252
0,0,0,252,0,0,255,0,0,254,252,252,254,1,0,249,252,252,252,252,0,0,249,0,0,1,252,0,0,1,1,252,252,252,173,0,0,0,1,245,0,0,0,254,253,122,252,2,0,0,0,0,0,0,0,0,0,0,0,0,0,0,0,0,0,0,0,0,0,0,0,0,0,0,0,0,0,255,0,0,0,0,0,12,252,252,0,0,4,252,252,251,0,0,0,0,252,214,0,107,252,0,0,0,0,0,0,8,0,1,0,0,0,232,252,252,250,0,253,252,253,251,220,248,251,253,252,252
0,0,1,0,0,0,0,0,0,252,0,252,253,254,217,80,252,252,252,252,0,0,250,0,0,0,252,0,0,0,211,252,252,252,0,0,0,1,253,0,0,0,0,252,0,232,251,0,0,0,0,0,0,0,0,0,0,0,0,0,0,0,0,0,0,0,0,0,0,0,0,0,0,0,0,3,252,252,252,0,0,253,0,0,252,252,12,0,252,252,252,253,0,0,0,3,255,0,0,0,250,101,0,0,0,0,0,0,0,0,0,0,0,0,254,252,252,252,252,252,0,0,0,0,0,0,254,251
0,0,1,0,0,0,0,0,250,252,1,250,250,0,251,250,252,252,252,252,0,0,251,0,0,0,252,0,0,0,254,252,252,251,1,0,0,3,251,1,0,0,37,252,0,253,252,7,0,0,0,0,0,0,0,0,0,0,0,0,0,254,0,0,0,0,0,0,0,0,0,0,0,251,68,1,253,252,0,0,0,253,0,0,252,252,252,0,252,252,252,251,2,0,2,251,53,0,0,0,0,0,0,0,0,0,0,0,0,0,0,0,0,0,2,252,252,252,252,252,250,2,0,0,0,1,0,1
0,0,0,0,0,0,0,0,251,252,252,0,250,253,252,252,252,252,252,252,0,0,247,0,0,0,252,0,0,0,252,252,252,253,0,0,0,1,252,0,0,0,253,1,0,250,252,253,2,0,0,0,0,0,0,0,0,0,0,0,0,252,0,0,254,253,1,0,0,0,0,0,0,6,250,254,0,0,0,0,77,1,0,0,252,252,250,0,252,252,252,253,251,252,252,92,0,0,0,0,0,0,0,0,0,0,0,0,0,0,0,0,0,0,0,12,253,252,252,253,252,252,0,0,251,253,251,169
0,0,0,0,0,0,0,0,252,252,252,145,252,252,252,252,252,252,252,252,0,213,107,0,0,0,252,72,252,1,253,252,252,252,0,0,0,0,252,0,0,0,252,2,0,251,252,252,168,0,0,0,0,0,0,0,0,0,0,0,1,252,0,254,253,252,1,0,0,0,0,0,0,203,252,65,0,0,0,0,0,0,0,0,252,252,253,0,252,252,252,132,252,252,251,0,0,0,0,0,0,0,0,0,0,0,0,0,0,0,0,0,0,0,0,0,0,252,0,0,0,1,0,0,252,252,252,253
0,0,0,0,0,0,0,0,56,252,252,252,252,247,252,253,251,252,252,252,1,255,0,113,0,1,252,252,252,1,253,252,252,252,1,0,0,0,252,0,0,0,252,0,0,188,252,252,252,1,2,0,0,0,0,1,0,0,0,0,254,251,0,200,252,252,251,0,0,0,0,1,2,252,252,61,0,0,0,0,0,0,0,0,251,252,7,2,252,252,252,252,252,252,149,0,0,0,0,0,0,0,0,0,0,0,0,0,0,0,0,0,0,0,0,0,0,251,0,0,0,0,0,0,250,252,252,253
0,0,0,0,0,0,0,0,0,252,252,252,252,1,251,0,1,252,252,252,0,154,0,252,0,0,252,252,252,252,254,252,252,252,0,0,0,251,252,0,0,0,249,0,0,121,252,252,252,253,252,0,27,154,0,97,0,0,0,0,252,0,0,252,252,252,252,11,0,0,0,1,252,252,252,250,0,0,0,0,0,0,0,0,0,252,3,1,252,252,252,252,252,252,1,0,0,0,0,0,0,0,0,0,0,0,0,0,0,0,0,0,0,0,0,0,0,0,0,0,0,0,0,0,254,252,253,1
0,0,0,0,0,0,0,0,1,252,252,252,252,0,2,0,0,253,252,252,0,0,0,252,3,252,252,252,251,252,252,252,252,252,57,0,0,252,253,1,0,0,249,251,0,252,252,252,252,252,252,61,250,253,252,252,0,0,229,253,253,251,0,253,252,252,252,0,0,3,76,250,252,252,252,251,0,0,0,0,0,0,0,0,1,1,0,254,252,252,252,254,252,252,0,70,241,0,0,0,0,0,0,0,0,0,0,0,0,0,0,0,0,0,0,0,0,0,0,0,0,0,0,0,255,252,1,0
0,0,0,0,0,0,0,0,0,252,252,252,252,0,0,0,1,250,252,252,250,0,0,252,252,252,252,252,252,252,252,252,252,252,252,0,0,252,143,0,0,0,48,252,0,252,254,250,252,252,252,252,252,252,252,252,80,0,179,252,1,252,0,224,252,252,252,74,2,251,252,252,252,252,252,252,0,2,0,0,0,0,0,0,0,0,0,254,252,252,252,1,249,252,1,254,252,2,0,0,0,0,0,0,0,0,0,255,1,0,0,0,0,1,254,1,0,0,0,0,0,0,0,0,252,239,0,0
0,0,0,0,0,0,0,0,0,253,252,252,252,254,0,1,253,252,252,252,252,0,0,252,252,252,252,251,252,252,252,252,252,252,252,0,0,252,0,69,0,0,37,253,0,224,0,0,250,252,252,252,252,0,250,252,227,30,0,224,0,252,0,253,252,252,252,252,252,252,252,252,254,224,252,251,0,252,2,0,0,0,0,0,0,0,226,252,252,252,252,0,0,250,0,250,255,0,0,0,0,0,0,0,0,0,0,250,251,0,0,0,1,2,249,0,0,1,0,0,0,0,0,0,26,0,0,0
0,0,0,0,0,0,0,0,0,254,252,252,252,0,0,1,252,252,252,252,252,3,0,252,252,248,10,249,252,252,252,252,252,252,252,0,0,252,0,254,0,0,251,250,0,0,0,0,251,252,252,252,0,89,1,0,1,253,254,1,0,252,254,252,252,252,252,252,252,252,252,252,3,0,2,252,253,250,1,0,0,0,0,0,0,0,252,252,252,252,247,0,0,250,0,232,253,0,0,0,0,0,0,0,0,0,0,251,254,0,0,0,202,252,249,0,0,8,3,0,0,0,0,0,3,0,0,0
0,0,0,0,0,0,0,0,0,0,252,252,253,0,236,251,252,251,10,252,252,251,254,252,252,1,0,252,252,252,252,252,252,252,252,1,5,252,0,252,250,217,253,183,0,0,0,0,0,252,252,252,3,0,0,0,0,252,252,0,0,250,252,252,252,252,252,252,252,252,252,254,0,0,0,251,252,248,255,0,0,0,0,0,3,253,252,252,252,252,0,0,0,252,0,0,1,0,0,0,0,0,0,0,0,0,0,0,20,1,0,0,2,252,255,2,0,253,255,255,0,0,0,0,0,0,0,0
0,0,0,0,0,0,0,0,0,0,252,252,251,0,252,252,254,0,0,252,252,252,252,252,1,209,252,252,252,252,252,252,252,252,252,252,252,252,254,252,252,252,252,0,0,0,0,0,0,253,252,252,0,0,253,0,0,252,252,45,0,252,1,19,252,252,252,252,252,252,43,0,0,0,0,4,251,0,253,1,0,0,253,254,252,252,252,252,252,252,0,0,1,252,37,0,0,0,0,0,3,100,0,0,0,0,0,0,0,1,0,0,0,253,0,0,0,252,252,253,0,0,0,0,0,0,0,0
0,0,0,0,0,0,0,0,0,1,252,252,95,253,251,250,0,0,252,252,252,252,252,252,251,251,252,252,252,252,252,252,252,252,252,252,252,252,252,252,252,252,60,0,0,0,0,0,0,251,252,252,1,252,1,0,0,213,67,3,0,0,0,0,68,252,252,252,252,0,3,0,0,0,0,0,0,0,0,72,253,251,252,252,252,252,252,252,252,252,0,0,0,251,252,0,0,0,0,252,160,252,0,0,0,0,0,0,0,0,0,0,253,252,0,0,200,252,252,252,0,1,0,0,0,0,0,0
0,0,0,0,0,0,0,0,0,160,252,252,2,251,0,249,0,0,252,252,252,252,252,247,252,252,252,252,252,252,252,252,252,252,252,252,252,252,252,252,252,252,1,0,0,0,0,0,0,0,252,252,1,252,161,0,0,198,0,0,0,0,0,0,2,252,252,252,252,251,0,0,0,0,0,0,0,0,0,1,253,252,252,252,252,252,252,252,252,251,0,0,0,252,252,0,0,0,0,252,0,252,0,0,0,0,0,0,0,0,0,0,1,0,10,1,251,252,252,252,1,0,252,2,0,0,0,0
0,0,0,0,0,2,0,0,0,252,252,252,1,252,0,0,0,0,252,252,253,253,252,252,252,252,252,252,252,252,252,252,252,252,252,252,252,252,252,252,0,253,121,0,0,0,2,252,0,0,252,252,251,252,252,0,0,251,0,0,0,0,0,0,0,253,252,252,252,252,2,0,0,0,0,0,0,0,0,0,0,253,252,252,252,252,252,252,253,1,0,0,0,252,252,2,0,0,0,252,0,2,0,0,0,0,3,0,0,0,0,0,0,1,252,252,252,252,252,252,251,250,254,1,0,0,0,0
0,0,0,0,0,253,0,0,0,252,252,252,251,251,0,0,0,0,253,252,0,0,252,126,252,252,252,252,252,252,252,249,253,252,252,252,252,251,251,1,0,1,253,2,0,0,149,46,0,1,252,252,252,252,252,251,1,253,0,0,0,0,0,0,0,0,252,252,252,252,254,0,0,0,0,0,0,0,0,0,0,0,252,252,252,252,252,252,232,0,2,0,0,250,252,126,0,252,0,0,0,0,0,0,0,2,250,0,0,0,0,0,0,0,254,252,252,254,187,252,252,252,252,0,0,0,0,0
0,0,0,0,0,3,0,0,2,252,252,252,252,245,0,0,140,1,2,254,90,0,252,251,252,252,252,252,252,252,252,0,0,252,252,252,252,162,0,1,0,1,253,2,0,253,64,1,1,251,252,252,252,252,252,253,253,253,0,0,0,0,0,0,0,0,162,252,252,252,252,0,0,0,0,0,0,0,0,0,0,0,252,252,252,252,252,252,1,0,98,0,0,252,252,254,0,136,0,0,0,0,0,0,0,4,137,0,0,0,0,0,0,0,165,161,250,252,166,252,252,253,252,1,0,0,0,0
0,0,0,0,0,0,0,0,0,252,252,252,252,0,0,0,1,0,0,254,253,0,252,252,252,252,252,252,252,250,181,0,6,252,252,252,252,1,252,0,85,0,251,254,252,252,253,0,0,252,252,252,252,252,252,252,252,252,0,0,0,0,0,0,0,0,0,185,187,252,252,0,0,0,0,0,0,0,0,0,0,0,252,252,252,252,252,1,0,0,2,0,0,252,252,252,0,0,0,0,0,0,0,0,0,0,0,0,0,0,0,0,0,0,0,253,248,0,253,252,252,1,253,1,0,0,0,0
0,0,0,0,0,0,0,0,0,247,252,252,251,0,0,0,0,0,0,233,254,219,252,252,252,252,252,252,252,252,2,0,0,252,252,252,252,0,252,252,252,254,251,252,252,252,253,4,255,252,247,31,252,252,252,252,252,252,251,0,0,0,0,0,0,0,0,0,0,252,252,173,0,0,0,0,0,0,0,0,0,0,252,252,252,252,252,0,0,0,0,0,0,0,252,252,0,0,0,0,0,0,0,0,0,0,0,0,0,0,0,0,0,0,0,0,191,0,0,252,252,0,248,0,0,0,0,0
0,0,0,0,0,0,0,0,0,0,253,252,0,0,250,0,0,0,0,2,252,252,252,253,252,252,252,252,252,247,22,0,1,252,235,252,252,0,252,0,252,252,252,252,252,252,252,252,252,254,0,0,252,252,252,252,252,252,252,253,20,201,1,0,0,0,0,0,0,252,252,254,0,0,0,0,0,0,0,0,1,253,254,251,252,252,252,251,0,0,0,0,0,0,251,252,0,0,0,0,0,0,0,0,0,0,0,0,0,0,0,0,0,0,0,0,1,0,1,0,0,0,1,0,0,0,0,0
0,0,0,0,0,0,0,0,0,0,253,252,0,251,254,0,0,0,0,1,252,254,252,1,0,252,252,252,252,72,213,0,1,252,0,252,252,0,253,0,252,252,252,252,252,252,252,252,253,33,0,0,249,252,252,252,252,252,252,252,252,254,250,0,0,0,0,0,0,252,252,252,0,0,0,0,0,0,0,0,250,251,252,252,252,252,254,254,251,0,0,0,0,0,253,252,241,0,0,0,0,0,0,0,0,0,0,0,0,0,0,0,0,0,0,0,0,0,0,0,0,0,255,0,0,0,0,0
0,0,0,0,0,0,0,0,0,0,251,252,0,254,252,224,0,0,0,250,254,33,252,0,0,252,252,252,1,0,2,0,0,252,0,252,252,2,252,208,252,252,212,252,252,252,252,252,253,0,0,0,252,252,252,252,252,252,252,252,252,252,252,251,253,2,0,0,255,252,252,173,0,0,0,0,0,0,0,44,253,252,119,252,252,29,250,252,254,0,0,0,0,0,253,252,252,0,0,0,0,0,0,0,0,0,0,0,0,0,0,0,0,0,0,0,0,0,0,0,0,2,252,0,0,0,0,0
0,0,0,0,0,0,197,0,0,0,252,250,1,252,252,254,0,0,252,252,253,216,252,0,0,252,252,2,252,0,0,0,1,251,0,252,252,96,252,252,252,252,0,104,252,252,252,252,249,0,0,0,253,252,252,252,252,252,252,252,252,252,252,252,252,252,0,0,253,252,251,1,0,0,0,0,0,0,0,252,252,252,252,252,252,1,252,252,253,0,0,0,0,0,0,252,252,2,0,0,0,0,0,0,0,0,0,0,0,0,0,1,0,0,0,0,0,0,0,1,0,0,253,0,0,0,0,0
0,0,0,0,0,0,255,2,0,252,252,254,1,252,0,252,0,250,252,252,252,252,252,0,2,252,253,0,252,0,0,1,14,252,0,252,252,252,252,252,252,252,252,0,251,252,252,252,252,251,252,0,250,252,251,252,252,252,252,250,253,252,252,252,252,252,249,1,254,252,80,0,1,0,0,0,0,0,251,253,199,0,251,252,252,0,250,252,250,0,0,0,0,0,0,252,252,190,0,0,0,0,0,0,0,0,0,0,0,0,103,253,0,0,0,0,0,0,0,44,0,0,229,1,0,0,0,0
0,0,0,0,0,0,98,0,68,252,251,250,1,252,252,252,104,251,252,252,252,252,252,0,1,252,62,0,252,0,0,3,14,251,0,252,252,252,252,252,252,252,251,0,0,252,252,252,252,252,254,240,251,252,0,253,252,252,252,95,250,252,252,252,252,252,254,250,252,252,1,251,2,0,0,0,0,0,250,0,1,0,251,252,252,254,3,252,254,0,0,0,0,0,0,252,252,252,0,0,0,0,0,0,0,0,0,0,0,1,252,252,0,0,0,0,0,0,0,2,1,1,0,250,0,0,0,0
0,0,0,0,0,0,0,0,252,252,1,251,1,252,252,252,252,252,252,251,252,252,249,0,0,252,1,0,252,0,0,251,1,254,0,252,252,0,253,252,252,1,0,0,0,251,252,252,252,252,252,252,252,208,0,123,252,252,254,2,250,252,252,252,252,252,252,252,252,252,1,252,74,0,0,0,0,0,0,0,0,0,251,252,252,1,0,252,252,218,0,0,0,0,0,0,252,252,1,0,0,0,0,0,0,0,0,0,0,250,252,252,0,0,0,0,0,0,0,0,2,253,0,252,2,0,0,0
0,0,0,0,0,0,0,0,253,147,0,252,250,252,252,252,252,252,252,251,252,252,15,0,46,252,1,252,252,0,0,251,1,252,1,252,252,0,143,252,252,3,0,0,0,1,252,252,252,252,252,252,252,0,0,0,252,253,0,0,1,252,252,252,252,252,252,252,252,252,252,252,252,0,0,0,0,0,0,0,0,0,252,252,254,250,105,252,252,252,1,0,0,0,0,1,252,252,105,0,0,0,0,0,0,0,0,107,251,252,252,252,1,0,0,0,0,0,0,0,0,0,254,252,0,0,0,0
0,0,0,0,0,0,0,0,252,0,0,0,253,252,251,254,252,252,252,253,252,252,0,0,2,253,253,250,252,0,2,249,0,253,252,252,252,0,5,252,252,253,0,0,0,0,252,252,251,252,252,250,168,0,0,1,0,252,0,0,0,253,252,252,252,252,252,252,252,252,252,252,252,0,0,0,0,0,0,0,0,0,252,252,0,213,252,252,252,252,80,0,1,0,0,0,251,252,252,0,0,0,0,0,0,0,0,254,252,252,252,252,251,0,0,0,0,0,0,0,0,0,0,254,251,0,0,0
0,0,0,0,0,0,0,0,251,0,0,1,252,252,3,40,252,252,252,1,252,252,0,0,0,0,252,253,252,0,2,253,254,253,252,252,250,0,0,252,252,253,0,0,0,253,252,252,1,252,252,252,1,2,0,250,0,252,0,0,0,1,252,252,252,252,252,252,252,252,252,252,252,59,0,0,0,0,0,0,0,249,252,1,0,3,252,252,252,252,251,251,0,251,0,0,11,252,252,0,0,0,0,0,0,0,0,252,252,252,252,252,252,0,0,0,4,0,0,0,0,0,0,253,252,0,0,0
0,0,0,0,0,0,0,0,251,0,0,0,215,218,0,1,252,252,252,0,252,252,0,0,0,0,252,252,252,69,254,252,252,252,252,252,252,41,0,252,252,252,0,0,0,253,252,251,28,252,252,254,251,254,0,1,0,252,254,0,0,0,252,252,252,254,252,221,2,252,252,252,252,253,0,0,0,0,0,0,1,250,254,0,0,0,254,252,252,252,252,252,252,254,0,0,0,252,252,0,0,0,0,0,0,0,0,252,252,252,252,252,253,0,0,0,36,254,253,0,0,0,0,0,252,251,0,0
0,2,254,0,0,0,12,252,250,0,0,0,0,0,0,0,252,252,0,252,252,252,0,0,0,0,252,252,251,252,252,252,252,252,252,252,252,254,1,251,252,252,0,0,0,252,106,0,252,252,252,252,252,253,1,2,9,250,252,251,0,5,252,252,254,0,238,0,0,252,252,252,252,255,0,0,0,0,0,0,0,252,0,0,0,0,249,252,252,252,252,252,252,254,0,0,0,254,252,2,0,0,0,0,0,0,0,254,252,252,252,252,252,250,2,0,251,252,253,0,0,0,0,0,253,192,0,0
0,2,251,0,0,0,252,253,4,0,0,0,0,0,0,0,252,252,251,253,252,252,1,0,0,251,252,252,252,249,254,251,248,252,252,252,252,0,253,252,252,254,0,1,248,253,0,0,252,252,252,254,252,252,1,0,250,53,252,254,0,1,0,111,251,0,0,1,0,249,252,252,252,0,0,0,0,0,0,0,1,251,0,0,0,0,250,252,252,252,252,252,253,1,0,0,0,254,252,249,0,0,0,0,0,0,0,3,252,252,252,252,252,252,0,0,252,252,252,0,0,0,0,0,0,1,0,0
0,1,254,213,249,0,252,252,0,0,0,0,33,0,0,0,253,252,252,252,252,252,6,0,0,252,252,252,252,10,0,47,0,253,252,252,252,149,252,252,252,251,0,0,250,250,0,0,252,252,2,251,252,252,1,0,254,52,252,252,249,193,0,2,0,0,0,0,0,245,252,252,252,0,0,0,0,0,0,50,216,1,0,0,0,0,251,252,252,252,252,252,0,0,0,0,0,0,252,252,0,0,0,0,0,0,0,0,252,252,252,252,252,252,253,254,251,252,249,0,0,0,0,0,0,0,0,0
0,0,2,29,64,0,252,251,0,0,0,0,0,0,0,0,2,252,252,252,252,252,0,0,0,252,252,1,1,0,0,0,0,0,252,252,252,252,252,252,252,57,1,1,252,252,252,253,252,252,0,247,252,252,0,0,253,0,0,0,252,2,0,0,0,0,0,0,0,1,252,252,252,250,0,0,0,0,0,252,252,0,0,0,0,0,252,252,252,252,252,1,0,0,0,0,0,0,252,252,0,0,0,0,0,0,0,0,252,252,252,252,252,252,252,252,252,38,1,0,0,0,0,0,0,0,0,0
0,0,1,0,3,253,252,198,0,0,0,0,0,0,0,0,1,250,251,249,252,252,0,0,1,252,252,0,0,0,171,1,0,0,250,252,252,252,252,252,252,0,0,252,252,1,252,252,252,254,0,35,252,252,251,0,252,0,0,0,252,0,0,0,0,0,0,221,1,0,252,252,252,252,253,1,0,0,0,252,252,2,0,0,0,0,252,252,252,252,0,0,0,0,0,0,0,0,252,252,1,0,0,0,0,0,0,0,252,252,252,252,252,252,252,252,63,0,0,0,0,0,0,0,0,0,0,0
0,2,0,0,244,252,252,0,0,0,0,0,0,0,0,0,1,252,0,0,252,252,0,0,249,107,252,0,0,0,253,0,0,0,34,252,252,252,252,252,252,251,253,252,252,1,252,252,253,252,8,15,252,252,253,0,107,150,0,0,253,0,0,0,0,1,0,12,0,0,252,252,252,252,251,251,253,0,251,252,253,0,0,0,0,0,252,252,252,252,0,0,0,0,0,0,0,0,252,252,253,0,0,0,2,0,0,0,252,252,252,252,252,252,252,252,0,0,0,0,0,0,0,0,0,0,0,0
0,1,0,0,252,252,252,0,0,0,0,0,0,0,0,0,0,252,1,0,252,252,251,251,251,1,252,0,0,0,252,0,0,0,1,252,252,252,252,252,252,252,252,252,252,252,3,252,155,252,252,0,252,252,253,1,2,253,0,0,252,0,0,0,1,0,0,0,0,0,252,252,252,252,252,252,255,0,252,252,4,0,0,0,0,0,252,252,252,252,0,0,0,0,0,0,0,0,1,252,252,0,0,0,2,0,0,0,252,252,253,253,252,252,252,252,0,0,116,0,0,0,0,0,0,0,0,0
0,252,0,0,253,252,252,0,0,0,0,0,0,0,0,0,0,252,250,38,252,252,252,252,0,0,252,0,0,0,252,0,0,0,2,252,251,252,252,252,252,252,252,252,252,252,0,252,129,252,252,0,252,252,253,254,252,251,0,1,253,97,98,113,251,251,0,0,0,0,252,252,252,252,252,252,252,253,254,252,2,0,0,0,0,0,252,252,252,0,0,0,0,0,0,0,0,0,0,254,251,0,0,0,1,0,0,0,252,252,1,0,251,252,252,252,0,0,252,0,0,0,0,0,0,0,0,2
0,3,252,0,253,252,253,0,0,0,0,1,0,0,0,0,0,253,252,0,252,252,254,0,0,0,253,0,0,0,1,0,0,0,250,252,252,252,252,252,252,252,252,252,1,252,148,250,252,252,252,0,252,252,253,252,252,1,0,0,29,252,252,252,252,252,252,0,0,252,0,0,0,1,252,252,252,252,252,142,1,0,1,0,19,251,252,252,252,0,0,0,0,0,0,0,0,0,0,253,251,1,0,1,1,0,0,0,252,253,0,0,251,0,253,251,0,0,253,0,0,0,0,0,0,0,0,0
0,0,252,0,250,252,252,0,0,0,2,1,0,0,0,0,0,0,253,0,252,252,1,0,1,0,223,252,0,1,1,0,0,0,253,1,1,252,252,252,252,252,252,252,0,252,252,237,252,253,252,253,252,252,250,3,252,198,1,1,254,252,252,252,252,252,252,24,0,206,0,0,0,2,252,253,253,252,253,0,1,253,251,252,254,253,252,252,1,0,0,0,0,0,0,0,0,0,0,0,252,1,253,46,3,0,0,0,252,253,51,253,249,0,56,0,0,0,93,0,0,0,0,0,0,0,0,0
0,0,0,0,0,251,252,0,0,0,253,8,0,0,0,0,0,0,222,0,252,252,0,0,252,0,0,250,0,189,0,0,0,0,252,1,0,252,252,252,252,0,0,251,252,252,253,1,1,0,254,252,252,252,1,0,252,251,1,255,252,252,252,252,252,252,252,0,0,26,0,0,0,0,252,254,196,252,251,0,96,251,252,252,252,252,252,252,0,0,0,0,0,0,0,0,0,0,0,0,252,0,252,0,2,0,0,1,253,252,253,252,252,0,0,0,0,0,0,0,0,0,0,0,0,0,0,0
4,0,0,0,0,251,252,0,0,0,252,253,0,0,0,0,0,0,0,0,252,38,0,0,255,0,0,249,253,0,0,0,0,0,252,0,2,252,252,252,252,2,0,251,252,252,252,80,0,0,0,252,252,252,0,0,1,252,252,252,252,252,252,252,252,252,252,0,0,25,0,0,253,251,0,0,0,254,254,252,252,252,252,252,252,252,252,252,254,0,0,0,0,0,0,0,0,0,0,0,255,99,254,1,0,0,1,255,252,252,255,252,4,0,0,0,0,0,0,0,2,0,0,0,0,0,0,0
252,0,0,0,0,251,252,5,0,1,252,251,0,0,0,0,0,0,0,0,252,0,0,0,2,0,0,0,251,0,0,0,0,252,252,252,252,252,252,252,252,250,0,252,252,252,252,252,1,0,0,253,252,252,0,0,0,252,252,255,1,0,252,252,252,252,252,0,0,0,0,0,0,251,1,0,0,0,249,252,252,252,252,252,252,252,252,252,252,0,0,0,0,0,0,0,0,0,0,0,0,252,254,1,0,0,254,252,252,252,251,0,0,0,0,0,251,0,0,251,246,230,251,0,0,0,0,0
253,0,0,0,0,252,252,253,0,4,252,12,0,0,0,0,0,0,0,250,252,1,0,0,0,0,0,0,3,0,0,0,0,252,252,252,252,252,252,252,252,251,250,252,252,252,252,253,0,0,1,253,252,252,0,0,0,253,252,43,0,0,252,252,252,252,252,0,0,0,0,0,0,0,2,0,0,0,0,252,252,252,252,252,252,252,252,252,253,0,0,0,0,0,0,0,0,0,0,0,2,254,0,0,0,0,252,252,252,252,2,0,0,0,0,0,252,0,2,252,250,251,255,0,0,0,0,0
0,0,0,0,0,252,252,252,0,1,252,0,0,0,0,0,0,0,0,253,253,0,0,0,0,0,0,0,0,0,0,0,0,252,252,252,252,252,252,252,0,252,252,252,252,252,252,252,38,0,0,0,252,252,0,0,0,52,252,0,0,0,252,252,252,252,252,0,0,0,1,0,0,0,0,0,0,0,0,252,252,252,252,252,252,252,252,252,252,1,0,0,0,0,0,0,0,0,0,0,0,252,0,0,0,253,252,252,0,251,0,0,0,0,0,0,252,251,253,253,0,0,0,0,0,0,0,0
203,0,0,0,0,252,252,252,0,251,252,0,0,0,0,0,0,0,0,252,253,0,0,0,0,0,0,0,0,0,0,0,2,252,252,252,252,252,251,252,2,252,77,2,252,252,252,252,254,1,1,1,252,252,0,0,0,0,0,0,0,0,252,252,252,252,252,0,0,0,0,0,0,0,0,0,0,0,0,252,252,252,252,252,252,252,252,252,252,0,0,0,0,0,0,0,0,0,0,0,0,190,252,1,0,253,252,252,251,253,0,0,91,253,0,0,252,252,253,249,0,0,0,0,0,0,0,0
252,0,0,15,139,252,252,252,0,251,252,0,0,0,0,0,0,0,0,252,0,0,0,0,0,0,0,0,0,0,0,0,0,252,252,252,252,252,174,252,10,252,0,0,252,252,252,252,252,252,252,138,252,252,0,0,0,0,0,0,0,0,252,252,252,252,252,0,0,0,0,0,142,0,0,0,0,0,0,252,252,252,252,114,251,252,252,252,252,0,0,0,0,0,0,0,0,0,0,0,0,0,251,0,0,0,252,252,252,252,253,0,252,252,252,0,252,250,0,0,0,0,0,0,0,0,0,0
