0,0,0,0,0,0,0,7,8,0,0,0,0,203,235,251,253,0,0,0,0,0,0,0,0,0,0,0,0,2,0,0,0,0,0,208,10,7,197,10,17,2,0,0,0,2,0,0,0,0,5,240,0,0,0,250,0,0,0,1,0,0,0,0,0,0,241,252,252,250,239,252,41,0,0,191,0,0,0,0,0,0,0,0,0,0,0,0,0,0,0,0,2,11,248,247,239,0,0,0,0,252,5,0,158,243,0,0,1,1,255,4,1,1,12,253,247,0,61,0,247,248,11,226,0,1,4,240
0,0,0,0,0,0,0,0,0,0,0,0,243,27,253,251,191,0,0,0,0,0,0,0,0,0,0,0,0,215,0,0,0,0,0,11,254,251,9,1,0,11,0,0,0,34,0,0,0,0,133,251,0,6,0,4,0,0,0,255,0,0,0,0,0,0,251,252,252,253,248,217,9,0,0,166,0,0,0,0,0,0,0,0,0,0,0,0,0,0,0,0,2,3,246,251,247,0,12,0,0,5,109,0,3,5,0,0,0,0,11,255,242,249,3,176,0,7,2,0,0,230,4,242,9,253,79,14
0,0,0,0,0,0,0,0,0,0,0,0,254,250,250,251,23,0,0,0,0,0,0,0,0,0,0,0,0,253,0,0,0,0,0,236,252,250,251,1,0,0,0,0,0,0,0,0,0,1,239,16,0,14,0,1,0,0,0,1,0,0,0,0,0,0,104,252,252,10,228,254,247,0,0,253,0,0,0,0,0,0,0,0,0,0,0,0,0,0,0,0,241,12,1,255,254,0,5,0,0,0,254,0,1,0,0,0,0,0,242,249,0,14,1,251,213,255,0,0,0,245,7,251,2,241,252,21
0,0,0,0,0,0,0,0,0,0,0,0,83,21,20,13,0,0,0,0,247,5,0,0,0,0,0,0,5,7,0,0,0,0,0,0,176,3,4,0,0,7,0,216,1,0,0,0,0,4,176,242,9,251,12,9,9,0,0,0,0,0,0,0,0,0,168,251,251,246,225,255,68,0,2,249,3,0,0,0,0,0,0,0,0,0,0,0,0,0,0,3,42,254,71,138,42,14,196,0,0,1,253,255,0,0,0,0,1,1,1,242,183,45,1,242,254,16,14,4,0,252,252,188,8,249,10,253
0,0,0,0,0,0,0,0,0,0,0,0,2,128,212,3,0,1,0,0,118,0,1,0,0,0,0,5,2,0,0,0,0,0,0,0,0,1,1,0,0,154,251,252,5,0,0,0,0,100,254,253,1,251,247,1,225,0,0,0,0,0,1,1,0,0,11,251,252,251,2,190,249,0,174,2,0,0,0,0,6,0,7,0,2,0,0,0,0,0,0,0,7,251,244,1,2,0,1,0,0,1,243,250,1,0,4,0,2,13,4,167,109,14,1,113,249,11,243,5,17,253,250,7,255,248,6,251
0,0,0,0,0,0,0,0,0,0,0,0,1,175,2,0,0,30,0,0,1,1,0,0,0,0,0,7,0,0,0,0,0,0,0,0,0,0,0,0,0,0,252,252,1,0,0,0,0,252,249,247,2,251,255,12,9,0,0,0,0,0,105,0,0,0,4,251,246,251,249,252,247,0,2,255,0,0,0,0,250,2,255,20,2,0,0,0,0,0,0,0,253,253,249,0,0,0,0,0,0,5,245,2,170,0,4,0,8,15,4,9,254,62,251,252,193,254,0,1,244,252,251,252,255,3,106,252
0,0,0,0,0,0,0,0,0,0,0,0,0,7,244,0,0,25,0,0,0,0,0,0,7,0,0,0,7,0,0,0,0,0,0,0,0,0,0,0,0,5,251,2,0,0,0,0,0,2,242,196,212,130,50,0,1,7,5,0,8,246,10,247,0,5,12,255,244,175,255,238,4,0,0,9,3,7,255,8,59,0,1,0,0,228,3,5,0,0,1,0,254,254,221,0,0,0,3,0,0,0,255,2,243,244,235,240,11,0,0,2,252,255,146,252,2,0,81,249,238,252,252,252,252,8,12,241
0,0,0,0,0,0,0,0,0,0,0,0,0,0,2,10,0,2,0,0,0,0,0,1,195,0,0,0,1,0,0,0,0,0,0,0,0,0,0,0,0,6,247,1,0,0,0,0,0,0,254,236,252,1,3,0,1,49,215,0,14,37,4,63,37,245,0,20,237,252,81,253,0,2,12,1,5,251,0,198,0,1,2,0,0,0,0,1,0,0,22,0,255,253,31,0,0,0,107,0,0,0,250,13,5,122,197,250,243,0,239,198,15,241,5,147,5,0,15,1,36,250,252,252,254,236,253,10
0,0,0,0,0,0,0,0,0,0,0,0,0,0,247,36,0,1,0,0,0,0,0,1,240,0,0,0,0,0,0,0,0,0,0,0,0,0,0,0,0,3,254,7,0,0,0,0,0,12,33,244,2,0,0,0,1,12,6,0,40,233,253,18,208,7,0,1,249,17,55,252,8,230,243,2,0,0,0,9,0,1,0,0,0,0,0,1,0,0,2,0,1,14,7,0,0,0,2,3,0,0,9,239,143,192,8,9,4,232,206,255,144,255,255,24,2,1,147,1,253,250,252,252,4,20,251,17
0,0,0,0,0,0,0,0,0,0,0,0,0,0,223,166,0,0,0,0,0,0,0,2,211,0,0,0,0,0,11,0,0,7,0,0,0,0,5,11,4,6,252,253,0,0,0,0,0,26,3,12,5,236,13,141,224,2,0,0,232,251,199,253,0,5,250,0,251,87,2,246,114,251,92,15,0,2,0,92,0,0,0,0,0,0,0,100,0,246,253,0,4,253,1,0,0,0,237,0,0,0,250,254,5,0,237,0,0,1,2,21,252,102,244,255,254,30,30,6,251,5,252,252,4,55,16,246
0,0,0,0,0,0,0,0,0,0,0,0,0,0,15,247,0,0,0,0,0,0,0,0,12,0,0,0,0,0,8,1,0,0,11,0,0,5,43,255,102,0,252,251,0,7,0,0,0,244,248,245,0,241,231,22,62,247,0,3,52,0,98,0,2,0,200,0,173,247,0,219,250,251,4,1,0,45,0,0,0,0,1,0,0,0,0,0,0,42,229,0,254,249,18,0,0,0,6,0,0,0,0,247,0,0,253,7,253,163,239,6,252,5,253,14,187,2,4,11,253,237,252,252,247,255,2,244
0,0,0,0,0,0,0,0,0,0,0,0,0,0,8,247,0,0,0,0,0,0,0,4,0,0,0,0,0,1,0,0,0,0,243,0,0,242,249,253,7,6,252,254,75,237,0,0,0,244,251,244,0,1,5,6,11,235,11,2,253,0,91,4,255,0,16,0,1,245,0,218,250,245,125,0,0,0,0,0,0,0,240,0,0,0,0,0,0,14,255,240,252,240,12,0,0,0,0,0,0,0,5,252,218,0,18,9,255,4,249,1,246,146,59,0,13,2,127,7,6,251,252,252,252,250,5,13
0,0,0,0,0,0,0,0,0,0,0,0,0,0,0,92,0,0,0,0,0,0,0,0,0,0,0,0,0,0,210,2,0,0,253,0,10,0,252,252,101,4,255,214,236,255,0,4,242,4,0,0,100,2,7,5,254,251,1,2,24,5,0,11,13,0,1,5,2,231,1,5,245,254,1,0,0,0,0,0,0,0,43,5,0,5,11,0,0,0,6,7,254,253,0,66,2,0,0,0,0,0,2,81,109,4,14,250,253,1,0,240,139,252,12,0,3,175,251,159,244,252,252,10,0,243,219,176
0,0,0,0,0,0,0,0,0,0,0,0,0,0,0,19,12,0,0,0,0,0,0,0,0,0,0,0,0,0,243,18,0,0,232,0,246,0,249,252,252,254,250,218,253,245,248,252,252,1,0,0,153,245,8,0,252,247,70,5,0,0,0,1,3,0,233,1,12,3,1,0,8,33,1,0,0,0,0,0,0,0,0,1,0,0,10,0,0,0,235,255,255,179,9,255,2,2,0,0,2,0,185,242,1,235,0,236,220,7,0,249,161,252,2,4,15,170,8,0,22,254,255,0,133,73,255,254
0,0,0,0,0,0,0,0,0,0,0,0,0,0,0,249,9,0,0,0,0,0,0,0,0,0,0,0,0,0,247,0,0,0,78,0,15,2,247,252,252,250,245,198,255,247,4,253,254,0,0,0,6,253,90,0,1,248,251,3,0,0,0,0,0,119,0,0,84,3,1,0,255,246,0,0,0,0,0,0,0,0,0,5,0,0,12,0,0,0,247,248,23,15,2,252,254,247,0,0,181,0,9,254,79,147,21,0,7,244,6,13,15,252,140,247,12,8,1,60,138,253,245,253,252,83,253,4
0,0,0,0,0,0,0,0,0,0,0,0,0,0,0,246,0,0,0,0,0,0,0,0,0,0,9,0,0,0,0,0,0,0,252,215,253,252,0,246,252,169,7,254,253,247,5,247,238,0,0,0,0,45,0,0,0,240,251,0,0,0,0,0,0,0,1,1,6,3,14,0,8,254,0,0,0,0,0,0,0,0,0,1,0,0,0,0,0,0,6,0,0,2,24,253,254,0,0,0,178,0,6,234,238,0,238,247,5,214,0,11,6,253,250,242,253,0,0,246,1,247,243,252,4,246,253,6
0,0,0,0,0,0,0,0,0,0,0,0,0,0,0,6,0,0,0,0,0,0,0,0,0,2,0,0,0,0,0,0,0,0,250,255,250,0,11,202,252,7,2,254,253,249,121,1,0,254,4,0,0,0,0,0,24,245,251,0,0,0,0,0,0,0,238,212,0,0,236,4,9,254,7,7,2,0,0,0,0,0,0,133,0,0,0,1,0,0,0,0,0,0,255,252,252,4,0,96,0,0,0,2,255,240,250,1,247,7,250,137,0,227,9,2,10,254,236,12,5,65,244,235,15,237,5,241
0,0,0,0,0,0,0,0,0,0,0,0,0,0,0,132,0,0,0,0,0,0,0,0,0,125,0,0,0,0,0,0,0,0,248,17,212,6,8,130,252,83,3,84,4,63,250,18,0,246,2,0,0,5,5,0,22,230,251,0,0,0,0,0,0,0,244,7,0,1,7,242,10,252,5,0,7,0,0,0,0,0,0,250,0,0,0,143,0,0,0,0,0,0,255,252,252,2,0,250,0,0,0,0,246,9,228,172,252,35,254,10,1,245,25,0,0,4,2,1,1,164,252,245,15,5,1,9
0,0,0,0,0,0,0,0,0,0,0,0,0,0,0,255,6,0,0,0,0,0,0,0,9,255,0,0,0,0,0,0,0,6,247,245,249,0,0,1,252,3,0,1,112,255,254,255,7,254,0,0,34,252,0,89,228,0,253,1,0,0,0,0,1,0,1,0,0,0,0,0,5,39,0,1,13,0,0,0,0,0,0,22,0,0,0,147,0,13,232,0,0,0,8,0,3,1,0,0,0,0,0,0,10,16,28,248,253,247,0,186,244,253,241,0,0,0,0,0,0,0,3,170,240,1,2,57
0,0,0,0,0,0,0,0,0,0,0,0,0,0,0,0,4,5,0,0,0,0,5,253,57,54,3,0,0,0,0,0,0,220,239,235,153,0,0,212,253,0,0,0,0,239,0,4,242,122,0,8,7,0,0,52,32,6,253,8,0,0,0,0,22,0,4,0,0,0,0,0,3,254,0,19,0,0,0,0,0,0,0,0,0,0,0,0,0,1,44,0,0,0,0,0,1,0,0,0,0,0,0,0,0,235,242,181,254,200,7,253,6,0,2,0,0,0,0,60,0,7,0,255,4,3,7,3
0,0,0,0,0,0,0,0,0,0,0,0,0,0,0,0,13,0,1,0,0,0,1,245,252,235,236,0,0,0,0,0,0,245,9,254,0,0,0,4,252,249,0,0,4,125,0,0,4,3,2,105,0,0,0,0,74,7,253,2,0,14,0,0,254,0,1,0,0,0,0,0,67,2,0,109,2,0,0,0,0,0,0,0,0,0,0,0,0,4,0,0,0,0,0,0,0,0,0,0,0,0,0,0,0,253,251,13,252,11,0,248,2,15,251,167,0,0,0,241,0,1,0,101,0,1,0,39
0,0,0,0,0,0,0,0,0,0,0,0,0,0,0,0,0,0,1,0,0,0,16,3,0,253,5,0,0,0,0,0,0,254,9,255,0,0,0,1,239,251,0,0,0,0,2,0,0,0,251,233,2,255,0,230,3,255,249,0,0,245,0,48,0,0,0,255,4,27,0,0,0,0,0,1,21,1,231,4,0,0,0,0,0,0,0,0,0,9,0,0,0,0,0,0,0,0,0,0,0,0,1,0,0,6,254,2,0,0,0,253,251,249,1,251,3,23,0,0,0,0,0,6,6,1,1,230
0,0,0,0,0,0,0,0,0,0,0,0,0,0,0,0,6,236,3,0,0,0,156,247,13,222,76,0,0,0,0,0,0,251,252,247,1,0,0,0,5,254,0,0,0,0,0,0,0,0,233,0,7,242,11,0,58,245,178,17,0,0,0,1,0,0,0,75,0,114,253,0,0,0,0,0,1,120,8,12,0,0,0,0,0,0,0,0,0,13,0,0,0,0,0,0,0,0,0,0,0,0,25,0,0,4,251,5,246,1,2,255,185,1,0,248,233,4,0,7,10,247,0,2,14,242,67,1
0,0,0,0,0,0,0,0,0,0,0,0,0,0,0,0,0,245,1,0,0,0,0,249,20,246,0,0,244,0,0,0,0,255,251,255,2,0,0,0,2,253,0,0,0,0,0,0,0,0,252,0,84,229,5,0,4,249,241,16,0,0,0,5,0,0,0,5,1,4,10,0,0,0,0,0,4,27,12,250,0,0,0,0,0,0,0,0,0,38,0,0,0,0,0,0,0,0,0,0,0,0,246,0,0,2,223,13,6,248,1,90,91,239,189,1,0,26,4,0,6,237,0,3,190,56,4,253
0,0,0,0,0,0,0,0,0,0,0,0,0,0,4,239,7,4,88,4,13,0,0,255,3,250,0,8,254,0,0,0,9,254,248,1,0,0,0,5,132,230,247,2,165,2,4,0,3,255,8,0,50,3,247,0,3,9,3,250,2,0,0,0,1,58,0,0,0,199,234,0,0,0,5,248,7,2,39,121,0,0,0,0,0,0,0,0,0,0,1,4,0,0,0,0,0,0,0,0,0,0,250,0,0,0,0,0,11,252,232,0,220,253,6,246,1,231,1,0,0,251,0,5,253,254,0,166
0,0,0,0,0,0,0,0,0,0,0,0,0,0,8,250,159,5,1,0,0,7,0,251,16,244,2,0,15,0,0,2,248,250,3,0,2,5,9,19,252,249,251,3,102,246,1,253,254,0,0,0,0,243,234,0,11,0,0,7,4,4,0,0,0,5,162,0,0,253,245,0,0,0,0,219,15,5,0,0,1,0,0,0,0,0,0,0,0,0,4,142,0,0,0,0,0,0,0,0,0,0,0,1,0,0,0,0,0,149,2,13,8,246,113,252,252,1,0,5,255,10,0,65,247,244,17,254
0,0,0,0,0,0,0,0,0,0,0,0,0,0,231,253,3,1,54,0,0,21,0,255,8,251,2,0,2,0,0,29,249,242,0,0,4,4,22,0,14,127,251,53,244,244,240,252,238,0,0,0,0,254,3,0,1,1,0,0,8,3,0,0,3,12,0,0,1,0,4,0,0,0,143,250,2,4,0,1,0,0,0,0,0,0,0,0,0,0,1,246,0,0,0,0,0,0,0,0,0,0,0,255,0,0,0,0,0,244,2,246,0,0,255,252,10,2,0,238,255,1,0,129,0,15,245,61
2,0,0,0,0,0,0,0,0,0,0,0,0,0,253,7,1,0,247,0,246,3,3,7,18,8,247,241,10,125,0,23,253,252,2,0,247,0,249,9,0,5,0,247,4,1,77,254,255,1,0,0,0,0,27,0,7,0,19,0,14,87,7,18,6,1,0,2,0,0,10,1,0,0,8,234,8,190,3,2,44,1,0,0,0,0,0,0,0,0,6,7,0,1,246,0,0,0,0,0,0,0,0,248,0,0,0,0,0,140,233,255,8,10,254,3,0,0,0,247,1,0,0,249,16,252,239,8
0,0,0,0,0,0,0,0,0,0,0,0,0,0,213,217,1,19,6,182,1,0,0,9,1,4,249,252,249,245,2,5,246,252,1,0,0,36,2,227,0,2,1,0,0,0,251,108,254,248,1,5,0,0,0,0,0,0,0,0,0,0,4,11,20,21,0,0,0,0,1,2,0,3,0,2,5,254,1,8,2,11,6,0,0,0,0,0,0,0,29,242,0,52,241,0,0,0,0,0,0,0,1,253,0,0,0,0,0,1,1,238,250,254,253,72,7,0,0,9,4,0,109,222,248,192,4,247
254,20,0,0,0,0,0,0,0,0,0,0,0,0,251,252,0,21,0,15,0,16,0,0,17,2,253,243,254,254,0,8,1,252,0,0,0,6,36,5,0,0,0,0,0,0,255,226,3,9,2,237,0,0,0,0,0,0,0,0,0,0,13,1,4,0,0,0,0,0,1,222,0,0,72,12,133,253,0,247,7,17,78,0,0,0,0,0,0,0,24,250,0,26,5,0,0,0,0,0,0,0,8,251,0,0,0,0,0,0,5,254,1,243,3,247,251,0,159,253,0,0,5,251,245,242,245,250
151,242,207,255,1,0,0,0,0,0,0,0,0,251,244,248,0,0,8,0,15,11,7,16,3,209,250,252,253,253,2,1,252,86,0,3,176,2,143,4,0,6,0,0,0,0,252,247,0,5,0,0,251,111,254,0,3,64,0,0,2,1,252,241,9,0,0,0,0,0,0,254,0,2,228,14,235,252,248,253,1,239,230,0,0,0,0,180,1,0,0,233,0,10,5,0,0,0,0,0,0,0,0,3,7,0,0,4,0,0,0,11,0,8,0,10,246,0,0,246,0,0,179,253,255,6,112,13
16,0,15,0,212,4,0,0,0,0,0,0,0,242,17,8,0,0,15,3,4,232,153,149,1,253,245,252,255,251,0,1,0,0,0,3,251,207,11,11,250,232,0,1,0,0,248,22,8,0,0,0,254,254,254,3,4,177,0,2,246,16,5,243,252,232,3,0,0,0,0,20,4,6,247,1,250,252,62,252,0,229,0,2,0,0,0,42,1,0,0,0,15,252,2,0,0,0,0,0,0,0,0,26,120,0,0,6,0,0,0,0,2,1,0,219,244,0,0,241,0,0,7,246,253,2,10,146
6,166,3,0,20,251,0,0,0,0,0,0,0,0,63,0,0,0,16,0,244,250,7,252,232,252,253,251,24,252,0,0,3,0,1,250,254,225,235,6,250,201,0,15,248,0,32,11,253,1,0,0,250,224,253,242,244,16,8,2,250,238,4,233,254,7,0,9,0,0,0,7,18,4,252,17,254,252,1,255,1,198,1,36,0,0,0,0,1,0,0,1,47,28,6,0,0,0,0,0,0,0,0,248,250,0,0,21,0,0,0,0,0,0,239,247,238,0,0,230,0,0,3,241,26,1,239,241
1,248,0,2,0,112,0,0,0,0,0,0,0,9,216,2,0,0,0,0,26,1,239,254,25,1,255,0,0,38,0,0,0,0,1,252,241,0,16,247,252,254,0,0,167,246,9,4,0,0,0,248,230,11,7,6,253,4,0,2,0,74,3,0,0,0,0,0,0,0,0,0,2,253,104,2,253,252,0,249,0,1,0,129,0,0,2,144,7,0,0,0,0,1,113,67,232,3,4,0,0,0,0,22,251,0,0,251,0,0,0,0,0,5,254,250,11,0,0,249,0,243,6,252,0,1,7,252
239,66,97,255,0,5,0,0,0,0,0,0,0,223,249,1,1,0,0,0,0,0,37,253,18,0,0,3,0,249,0,0,0,0,212,255,250,0,0,211,252,250,7,249,254,252,2,238,1,0,1,251,243,1,0,156,224,24,0,0,4,4,0,16,1,0,0,0,4,237,0,0,0,0,0,0,248,252,0,3,0,0,0,243,0,0,1,252,246,0,0,0,0,0,6,0,226,252,176,0,0,0,0,4,252,0,0,243,28,0,0,0,0,0,238,0,0,0,7,10,0,253,3,251,22,2,253,254
237,82,235,54,0,3,0,0,0,0,0,80,0,238,4,195,0,0,0,0,0,25,2,243,209,0,0,1,0,2,0,0,0,0,249,253,255,0,0,2,252,245,0,254,251,1,218,20,0,0,0,252,1,239,2,6,240,49,0,3,6,6,3,255,9,0,0,0,1,2,19,0,0,0,2,0,231,252,1,18,0,0,0,253,0,0,189,244,251,0,0,0,0,10,252,1,1,250,251,0,0,0,0,3,244,0,0,121,8,0,0,0,0,0,3,1,0,0,5,2,0,6,0,252,234,4,2,235
238,19,250,0,8,251,0,254,5,0,0,246,13,254,11,0,8,0,0,0,0,3,0,7,45,1,0,0,0,0,0,0,0,0,252,0,1,96,1,170,251,254,4,252,182,94,0,0,18,19,2,252,3,1,246,245,15,247,3,249,233,1,10,252,191,0,0,3,0,0,0,0,0,0,0,0,245,246,6,4,0,0,0,250,0,0,2,250,252,0,0,13,4,0,36,17,0,16,254,0,0,0,0,2,7,0,0,180,2,0,0,0,244,252,14,0,0,0,8,19,0,0,0,253,238,11,249,252
0,133,21,251,254,52,4,249,252,0,0,4,237,253,0,0,245,0,175,245,5,12,6,8,0,239,0,0,0,0,6,0,0,21,247,244,253,31,7,0,8,254,255,233,8,5,0,0,251,246,27,251,253,246,4,252,20,250,0,252,23,0,253,228,0,8,0,0,0,0,0,0,0,0,0,8,224,14,5,0,0,0,0,16,0,0,0,254,244,211,0,0,0,186,254,192,0,1,246,255,0,12,18,0,0,0,1,1,16,0,0,0,249,0,0,3,243,0,10,126,0,0,0,177,255,7,251,250
0,244,6,252,250,13,235,247,252,0,0,5,240,247,0,0,3,0,14,5,244,3,255,243,2,205,0,0,0,0,3,0,0,243,167,244,242,4,13,0,2,4,254,219,189,1,0,0,255,255,248,252,14,142,16,252,249,242,169,252,0,246,0,5,109,242,1,0,0,0,0,0,0,0,0,246,251,249,5,0,0,0,0,9,0,0,3,252,255,255,0,0,0,252,254,11,248,2,251,244,0,3,221,0,0,0,1,1,0,0,0,0,17,15,0,5,40,51,1,6,11,0,0,244,246,249,254,236
0,227,226,252,3,244,254,216,0,252,0,0,249,7,193,0,0,0,0,0,245,0,250,12,0,5,0,0,0,0,0,0,0,251,0,253,246,0,0,0,0,0,252,245,225,32,207,16,245,13,252,254,242,11,53,252,252,252,252,0,0,250,2,0,52,0,56,0,0,0,0,0,0,0,0,240,247,194,0,0,0,0,0,133,0,0,0,250,250,1,242,0,4,92,247,239,246,106,251,177,0,0,253,0,0,0,0,0,0,0,0,0,0,0,233,1,71,6,4,0,1,0,0,171,253,251,253,250
0,0,251,19,0,255,64,254,0,253,22,68,251,0,253,3,58,0,0,0,13,0,6,65,0,0,0,0,0,0,0,0,0,10,1,244,246,0,0,0,7,0,223,251,244,252,244,255,250,1,252,14,250,252,144,252,252,252,252,0,0,188,3,0,0,5,0,31,7,0,0,0,0,0,0,254,237,0,0,0,0,0,0,4,0,0,0,1,254,255,1,2,0,226,219,254,229,250,251,0,0,0,252,0,0,0,0,0,49,0,0,0,0,0,0,7,249,255,0,0,7,0,0,232,240,220,110,252
0,5,236,246,117,247,242,251,251,219,159,68,242,0,0,5,158,0,0,0,6,10,8,14,0,0,0,0,0,0,0,0,0,252,248,5,0,0,0,0,146,250,5,247,7,251,9,251,251,63,252,250,247,116,5,252,252,252,252,1,0,4,5,0,0,177,0,0,66,0,0,0,0,1,0,236,244,0,0,0,0,0,0,247,0,0,0,8,248,2,1,93,4,13,245,248,252,250,251,227,0,0,249,0,0,0,0,0,2,0,0,0,0,0,0,0,245,247,4,0,8,0,0,253,13,7,10,0
0,0,241,231,250,4,254,17,250,251,1,250,250,0,247,251,8,0,0,242,0,22,1,0,0,0,0,0,0,2,1,0,0,249,252,213,157,3,0,0,1,243,254,250,1,181,1,252,254,254,13,0,96,0,0,5,253,253,252,0,0,27,16,254,0,3,0,0,0,0,0,0,0,0,221,250,255,0,0,0,0,0,0,102,0,0,0,251,254,0,0,0,0,4,249,251,252,252,248,245,1,10,8,0,0,0,0,9,0,247,0,0,0,0,195,254,9,0,0,0,0,0,4,245,248,12,0,5
0,0,5,9,22,253,240,247,254,5,0,251,134,0,0,183,0,0,0,247,28,0,5,0,0,0,2,0,0,7,1,3,225,250,252,2,1,246,80,255,51,251,253,226,0,253,247,95,253,240,254,18,247,0,0,0,61,241,252,2,0,3,11,33,0,187,8,0,253,3,0,0,0,0,231,255,246,10,0,0,0,0,0,0,4,0,0,247,255,8,0,0,13,178,98,251,252,252,252,255,49,250,0,0,0,1,7,0,0,248,0,0,0,0,0,254,8,0,2,0,7,0,1,233,247,245,0,242
0,0,85,249,3,253,19,6,34,249,0,251,171,0,0,6,0,0,0,245,197,0,0,0,0,0,4,0,0,1,9,245,248,251,252,1,228,250,253,253,252,255,253,6,0,249,246,255,3,0,254,241,116,0,0,0,19,254,252,251,0,0,189,134,0,3,23,0,1,246,0,0,0,0,9,5,1,16,0,0,0,0,0,10,57,0,0,13,255,10,233,0,12,254,0,252,252,252,252,21,255,93,0,0,0,5,0,0,0,254,247,0,0,0,0,7,0,0,2,0,240,0,3,0,251,237,1,1
0,0,242,193,7,249,8,249,254,11,12,252,0,0,0,0,0,0,0,2,5,0,9,0,0,1,0,0,0,14,17,255,0,251,252,0,255,0,218,248,4,4,251,246,0,232,250,252,0,0,0,5,0,0,0,0,0,9,253,248,251,0,9,253,3,0,0,0,0,11,0,0,0,0,253,244,254,0,0,0,0,0,0,0,1,0,0,0,251,0,105,4,0,30,7,252,252,252,252,254,226,44,0,0,0,2,0,3,0,20,254,31,0,0,0,0,0,1,1,1,219,2,238,0,255,240,254,207
0,0,143,241,244,14,0,245,239,9,245,251,0,0,0,0,0,0,3,0,1,11,0,0,0,0,0,0,0,30,0,246,6,249,252,250,254,0,154,225,255,6,251,243,5,0,253,252,0,0,0,0,0,0,0,0,0,0,129,253,253,0,2,250,9,13,0,0,0,0,0,10,0,0,233,249,254,0,0,0,0,0,0,0,1,254,5,0,15,0,1,194,10,0,1,253,252,252,252,252,96,250,1,0,0,7,128,11,0,251,252,248,0,0,0,0,0,2,0,9,244,0,252,246,236,235,252,109
0,0,248,250,245,240,250,5,83,243,44,254,0,0,0,0,0,0,3,11,1,5,0,0,0,0,0,0,0,1,1,220,1,253,252,246,252,243,223,0,242,0,251,254,0,0,253,252,0,0,0,0,0,0,0,0,0,0,4,1,48,0,5,253,247,241,0,0,0,0,0,1,0,0,238,4,253,0,0,0,0,0,0,0,12,47,243,0,16,0,11,240,223,6,239,250,252,252,252,252,254,40,252,0,0,3,255,240,0,254,252,5,0,0,0,0,0,254,10,3,203,1,7,244,242,246,6,251
0,0,58,248,0,199,14,242,74,254,17,0,7,0,0,0,0,0,4,14,0,12,0,0,0,1,254,2,0,0,0,242,247,255,248,234,252,252,207,247,253,255,251,252,250,255,255,245,175,0,0,0,0,0,0,0,0,0,0,0,0,0,0,0,236,211,0,0,0,0,0,0,0,2,203,243,253,0,0,0,0,0,0,10,8,0,2,15,0,0,0,0,248,1,3,2,250,253,0,210,236,0,0,0,0,4,252,5,0,252,252,3,0,0,0,0,0,239,87,1,4,0,245,251,250,98,250,252
0,0,9,6,9,1,7,21,4,7,2,1,23,0,8,0,0,0,0,0,3,0,0,0,135,246,252,1,0,0,0,41,252,252,239,7,243,252,41,252,253,35,251,252,253,245,30,204,253,252,0,0,0,0,0,0,0,0,0,0,0,0,0,0,4,2,9,0,0,0,0,0,0,253,0,109,248,0,0,0,0,0,0,0,7,3,252,6,0,0,0,5,0,1,4,250,231,49,0,16,43,13,6,0,0,11,251,222,4,252,252,4,0,0,0,0,0,20,1,8,5,16,242,7,25,252,3,239
0,0,7,10,3,5,6,6,1,23,4,2,249,0,1,0,0,0,187,0,11,0,0,0,254,19,254,6,0,0,0,46,252,252,3,92,252,252,240,245,255,206,251,252,253,173,255,21,251,234,29,0,0,0,0,0,0,0,0,0,0,0,0,0,0,0,75,2,0,0,0,0,0,20,0,2,8,0,0,0,0,0,0,238,8,1,17,1,0,0,0,14,0,14,8,254,243,1,0,10,35,16,0,0,0,2,251,4,10,252,252,0,0,0,0,0,0,0,200,100,3,239,0,220,43,251,13,254
0,0,249,17,59,244,9,4,0,247,175,119,165,0,4,0,0,0,242,0,227,17,0,2,2,253,244,253,0,0,0,209,252,104,9,255,252,244,61,160,234,171,244,9,252,46,251,212,246,252,249,178,0,0,0,0,0,0,0,0,0,0,0,0,0,0,13,0,0,0,0,0,0,0,0,0,0,0,10,0,0,0,0,4,58,15,249,150,0,1,15,7,0,0,0,11,0,0,0,0,0,0,1,8,3,241,250,14,0,50,252,8,230,0,0,0,0,9,224,208,0,2,2,245,9,29,11,245
0,0,4,12,247,250,251,0,0,167,0,1,7,0,0,0,0,0,64,0,222,0,5,1,0,8,237,248,248,0,12,3,249,193,0,255,252,105,235,8,212,0,0,239,253,253,250,172,8,252,250,254,44,0,0,0,0,0,0,0,0,0,0,0,0,0,0,1,7,0,0,0,0,0,0,0,0,0,0,0,0,0,0,12,0,252,251,0,12,0,203,237,0,0,0,0,0,0,0,0,0,0,2,10,1,248,248,1,147,14,252,0,108,0,2,0,0,14,81,218,0,108,251,249,222,0,249,254
0,0,0,241,251,9,17,1,0,1,12,0,5,1,0,0,0,0,58,1,9,0,255,0,21,9,238,247,248,2,14,16,244,252,0,251,252,12,209,1,6,0,246,28,252,251,238,252,236,252,214,252,27,0,0,0,0,0,0,0,0,0,0,0,0,11,253,239,1,1,0,0,0,0,0,0,0,0,1,0,0,0,0,248,3,1,238,1,48,16,11,5,0,0,0,0,0,0,2,1,0,6,253,1,5,255,17,10,223,3,252,2,7,0,12,2,0,0,84,0,0,4,249,204,254,253,2,247
0,0,0,128,254,0,0,0,0,0,0,0,16,3,0,0,0,4,150,0,18,7,1,157,3,0,4,25,140,3,1,77,252,189,1,255,252,246,10,18,0,0,248,189,251,84,240,161,242,254,245,252,4,0,0,0,0,0,0,0,0,0,0,0,0,247,250,28,0,0,0,0,8,250,0,0,0,0,0,0,0,0,0,116,7,117,251,3,0,250,65,0,0,2,165,255,0,0,0,46,0,3,252,5,3,249,254,10,2,1,141,0,6,6,0,3,0,3,2,0,0,234,240,15,240,140,255,252
1,0,0,6,2,0,0,3,0,0,0,0,245,0,0,0,0,12,3,0,0,0,4,21,1,1,0,0,4,17,0,239,250,12,241,243,251,251,42,20,2,2,253,16,239,254,253,253,252,51,230,252,178,0,0,0,0,0,0,0,0,0,0,0,0,240,230,204,146,5,6,2,0,6,0,0,0,0,0,0,0,0,0,249,21,4,19,255,0,253,230,0,4,0,97,241,0,9,7,2,0,248,254,247,13,5,254,24,12,1,0,175,6,243,12,0,0,0,0,0,0,227,238,4,255,7,245,1
1,0,0,3,0,0,0,10,0,0,0,0,1,0,0,0,0,25,0,0,11,2,20,154,2,1,230,0,254,52,7,7,173,10,240,244,248,254,243,71,0,7,3,17,248,239,255,203,244,248,48,252,26,0,0,0,0,0,0,0,0,1,2,1,46,253,201,248,0,1,182,4,0,0,0,0,2,0,0,0,0,0,0,3,4,19,26,8,0,0,237,48,51,1,245,238,197,47,245,14,0,2,247,216,14,7,199,1,6,0,0,254,247,218,241,4,0,0,0,0,0,3,13,244,228,30,246,160
157,0,0,0,0,0,0,0,0,3,0,0,0,0,0,0,0,254,14,4,21,0,0,0,8,23,5,2,8,247,5,0,1,4,242,229,36,253,252,249,0,141,255,1,245,252,17,4,254,250,252,237,3,0,0,0,0,0,0,0,0,129,241,140,243,251,251,132,5,99,12,0,0,0,0,0,5,0,0,0,0,2,0,0,254,0,248,0,2,250,9,250,4,5,247,252,98,11,0,255,3,3,254,1,244,2,0,0,0,0,0,250,105,246,3,1,18,0,0,0,0,3,253,4,7,2,254,5
5,255,0,2,0,0,0,0,0,221,0,0,0,0,0,0,0,0,13,6,1,252,4,0,6,1,254,229,0,251,4,0,0,255,167,28,248,253,251,251,1,4,240,246,241,252,13,0,215,249,14,227,247,0,0,0,0,22,219,0,0,251,245,242,253,251,251,240,250,141,11,0,0,0,0,37,239,0,0,0,0,238,8,0,0,2,219,0,250,251,240,5,254,0,251,252,248,12,15,33,3,4,251,227,253,4,0,0,0,0,8,245,100,255,9,0,255,0,0,0,0,5,244,4,255,185,248,0
252,250,0,1,0,0,12,0,0,4,0,0,0,0,0,0,0,7,224,3,5,254,4,3,7,56,251,245,6,246,78,6,239,12,252,254,252,245,11,215,12,250,255,56,35,252,2,4,254,241,79,132,245,80,2,47,95,241,175,4,0,253,202,249,224,173,251,245,250,2,40,0,0,0,0,4,8,3,10,0,0,39,247,0,0,35,16,8,12,247,250,248,228,66,241,252,246,10,155,4,0,6,173,253,10,9,0,0,27,1,2,116,152,66,255,245,213,0,0,0,1,250,249,183,0,245,172,2
250,249,0,165,0,0,0,0,0,175,0,0,0,0,0,0,5,0,8,0,0,13,0,5,13,0,64,6,0,0,253,2,77,0,249,254,241,244,51,8,235,247,252,2,251,11,0,244,254,244,254,13,251,248,239,2,248,3,0,246,0,250,237,79,3,1,81,253,11,0,0,0,0,0,0,0,17,237,232,0,0,0,4,0,0,1,2,1,235,249,251,254,0,63,253,252,252,0,131,3,0,5,0,251,230,3,0,0,2,129,0,1,247,79,24,254,199,0,0,0,1,3,94,246,172,7,11,7
231,240,1,254,0,0,0,0,0,10,0,0,0,0,0,0,86,0,1,0,0,204,249,251,248,15,4,251,255,225,251,45,0,2,248,0,0,250,19,0,254,236,9,0,14,234,28,16,235,1,247,6,252,252,247,118,5,0,1,2,0,240,1,1,0,0,0,0,0,0,0,0,0,0,0,0,6,237,1,249,8,4,0,251,0,215,250,41,9,236,251,252,14,176,0,254,190,1,3,0,0,123,251,253,254,241,20,2,5,10,4,8,0,0,0,1,0,0,1,0,0,0,2,239,249,243,0,221
242,0,0,0,0,0,0,2,0,0,0,0,0,0,0,0,31,0,236,0,2,115,251,251,237,247,3,232,253,247,246,134,2,166,224,4,0,194,238,6,251,245,25,4,60,10,110,247,99,11,255,16,254,252,252,99,0,12,1,4,1,141,1,0,0,0,0,0,0,0,0,10,0,0,0,0,251,1,2,6,254,65,7,3,0,3,246,249,0,246,252,252,255,200,10,252,141,234,132,0,0,253,233,57,151,106,110,8,129,5,255,10,0,0,9,0,0,2,0,3,0,5,182,10,250,203,11,253
178,219,0,4,0,0,0,28,0,0,0,0,0,0,0,1,5,0,6,3,253,58,251,252,12,255,0,7,241,253,253,252,0,251,5,0,0,26,245,4,243,253,14,205,7,248,252,253,10,0,253,0,251,254,248,0,0,0,0,0,0,0,3,0,0,0,0,0,0,0,0,12,0,1,0,0,2,0,10,0,6,236,232,118,48,250,22,250,0,249,253,251,255,252,252,254,196,249,253,7,48,251,1,253,245,0,4,2,3,15,235,3,1,250,4,0,0,4,3,3,0,25,252,19,8,4,105,0
0,255,0,20,0,0,4,1,0,0,0,0,0,0,0,239,11,7,2,0,50,0,65,230,252,2,0,2,4,252,89,224,0,5,5,0,0,2,7,99,242,6,0,223,251,1,248,252,14,0,247,0,252,9,1,0,1,3,7,6,7,3,100,0,0,0,0,0,0,0,56,253,246,253,3,4,5,0,0,0,5,33,255,249,217,209,237,239,0,9,253,251,251,10,249,253,253,8,6,250,16,250,233,251,247,4,5,196,0,2,4,8,0,0,0,6,0,234,232,0,3,14,227,11,229,3,3,10
0,0,0,236,0,0,0,1,0,0,0,0,0,0,255,87,1,208,4,0,3,159,140,29,250,1,4,251,246,2,0,16,214,250,211,0,7,0,1,253,0,0,0,0,4,2,155,81,3,1,245,1,249,251,0,0,0,145,230,255,3,253,237,248,0,0,0,0,0,0,8,2,79,2,111,47,4,0,1,2,105,1,0,0,0,0,14,187,17,1,3,248,24,148,3,254,64,252,103,6,3,243,254,253,49,4,133,246,6,247,8,0,3,0,0,3,5,0,9,0,6,5,0,13,6,248,127,82
0,0,0,12,0,0,0,0,0,0,0,0,0,255,30,0,0,2,0,0,0,0,251,248,250,0,240,251,252,227,232,247,249,252,249,14,255,3,244,6,0,0,0,0,0,0,0,0,0,0,10,0,252,229,9,2,3,4,0,3,24,9,8,255,0,0,0,0,0,0,0,0,244,2,0,192,0,0,1,0,212,231,0,0,0,0,2,6,1,252,204,248,28,26,0,0,0,251,169,23,3,240,253,199,1,0,7,0,6,253,0,0,0,0,0,0,0,6,6,0,1,0,0,0,5,5,247,10
0,0,0,0,0,0,0,0,0,0,0,0,8,254,252,0,0,0,2,0,246,0,4,247,253,0,1,251,254,249,253,251,2,3,253,253,250,137,143,0,0,0,0,0,0,0,0,1,6,3,0,7,252,17,49,0,0,0,0,0,250,0,248,132,0,0,0,0,0,0,0,0,78,246,9,75,0,0,0,0,9,1,0,0,7,1,0,3,1,82,250,177,241,0,79,0,245,206,234,245,8,251,250,142,4,240,2,0,0,251,17,0,0,0,0,4,0,234,1,0,0,1,0,0,6,3,78,0
0,0,0,8,0,0,0,0,0,0,0,0,6,251,79,8,0,0,8,4,77,0,244,243,0,150,0,244,239,253,254,255,251,243,248,130,255,0,4,7,0,10,187,190,0,0,0,7,67,11,4,255,253,11,167,0,1,0,0,1,77,7,2,253,6,0,0,0,0,0,0,0,2,249,117,5,0,2,252,0,2,0,0,1,129,1,0,226,1,5,0,2,227,4,242,0,73,5,78,3,250,95,244,0,107,8,255,0,0,234,31,13,0,4,1,5,0,14,3,0,0,5,0,10,3,0,1,249
0,7,0,27,0,0,0,0,0,0,0,0,188,255,239,97,0,4,2,252,19,0,255,251,7,0,0,255,18,252,244,240,218,251,0,0,4,5,211,1,0,11,254,254,8,0,0,0,84,2,49,3,255,1,167,0,0,0,0,0,7,253,0,0,239,237,0,0,0,0,0,0,0,247,1,12,0,242,51,0,0,0,0,0,232,9,2,13,14,1,0,0,1,11,255,245,15,252,3,255,250,5,43,0,254,255,0,0,9,244,239,0,93,0,0,6,3,8,89,0,0,0,0,10,0,0,0,0
0,0,0,0,0,0,0,0,0,0,0,14,1,243,245,1,0,232,15,245,252,112,251,234,17,0,0,239,255,252,239,236,253,188,1,1,8,4,6,4,12,236,254,245,58,0,0,92,0,249,20,6,7,1,251,0,1,0,0,0,0,253,248,3,245,254,0,0,12,0,0,0,0,143,0,0,0,252,6,0,0,0,0,0,0,0,0,4,0,238,2,187,0,127,9,35,228,235,248,242,206,9,0,0,71,8,11,5,3,12,3,0,254,9,1,1,10,253,253,0,0,0,0,79,13,0,0,0
1,0,0,2,0,0,0,0,0,0,0,3,4,249,239,10,0,12,9,246,239,1,48,7,1,0,0,255,83,247,244,66,4,4,0,0,0,27,6,1,13,202,237,249,233,1,0,1,17,62,247,5,180,15,59,0,3,22,196,0,0,1,214,3,25,4,0,9,7,0,0,0,1,8,0,2,0,5,240,5,1,4,11,7,0,0,0,84,0,3,3,0,1,21,6,6,254,251,0,237,239,241,1,0,1,42,237,1,237,18,1,0,245,25,1,8,1,252,28,0,0,0,0,1,251,7,0,2
0,0,0,0,0,0,0,0,0,0,0,251,246,202,252,0,1,10,60,252,197,13,3,206,254,7,0,252,225,31,251,10,2,0,0,0,0,0,3,0,7,7,1,251,11,1,244,12,232,27,251,1,246,10,60,126,202,254,209,0,0,0,15,7,7,0,15,0,236,254,6,0,0,223,0,6,0,0,13,7,0,1,0,12,0,0,0,255,0,0,0,0,183,11,23,4,253,254,249,1,60,6,0,0,0,125,239,1,245,10,0,0,11,1,1,2,254,250,1,2,1,0,0,0,251,1,213,0
10,0,0,0,0,0,0,0,0,0,0,254,247,249,252,4,250,0,240,245,5,3,2,1,252,44,0,7,249,93,254,16,0,9,6,0,0,0,0,248,10,1,13,242,9,203,0,5,249,210,251,151,6,231,253,13,142,246,3,0,0,0,9,228,0,14,2,5,250,251,253,4,6,177,1,5,0,0,0,0,1,13,5,0,0,0,0,8,0,0,0,0,5,1,242,6,0,252,252,249,251,1,0,0,0,7,253,4,0,4,8,0,0,5,197,245,240,252,12,1,254,0,0,0,242,2,118,24
0,3,0,20,0,0,0,0,0,0,0,251,250,252,253,78,1,8,8,247,237,226,3,1,234,0,0,0,2,26,4,184,0,0,255,0,0,0,0,2,238,0,255,7,252,251,253,49,27,253,231,5,0,48,249,93,206,251,241,0,0,0,4,228,3,12,6,0,20,23,16,1,4,6,1,1,0,0,0,4,0,239,0,0,0,0,0,1,0,0,0,0,0,0,0,254,254,7,1,0,0,1,0,0,0,0,3,232,6,0,27,0,11,35,228,7,27,254,170,1,235,15,0,0,0,9,2,0
1,248,0,199,0,0,0,0,0,0,0,250,251,252,253,6,0,1,1,4,16,6,2,230,0,0,0,0,0,247,0,3,0,0,254,250,0,0,0,0,2,0,1,249,249,238,255,251,24,250,38,0,0,239,77,15,252,254,248,0,0,0,198,5,6,6,1,255,137,250,9,6,244,1,5,15,1,0,0,237,0,17,0,4,0,0,0,0,0,0,0,0,0,0,0,2,1,1,1,0,0,0,0,0,0,0,2,7,2,0,0,0,2,8,2,2,3,35,14,0,3,0,4,0,0,229,2,0
0,11,0,12,0,247,0,0,0,0,0,250,246,253,253,0,0,239,0,0,0,2,3,16,223,0,17,1,0,252,0,0,0,0,53,1,0,0,0,218,0,8,5,91,3,2,3,23,247,136,2,0,158,246,4,9,243,251,0,0,0,0,113,9,179,0,70,2,251,244,222,3,237,2,21,0,4,0,0,0,1,0,0,5,0,0,0,0,0,0,0,0,0,0,0,0,0,4,2,1,0,0,0,0,0,0,1,0,9,0,0,0,62,243,0,0,15,11,1,7,0,0,253,0,0,0,10,0
0,27,64,0,0,0,4,0,0,0,0,5,254,252,233,97,0,0,251,8,3,8,21,2,252,18,181,251,0,251,0,0,0,0,252,6,0,0,1,28,0,0,0,252,254,0,255,7,233,0,0,0,245,1,253,1,238,253,24,1,0,0,0,14,254,1,5,102,6,19,42,182,244,0,26,31,255,0,0,0,0,0,0,0,0,0,0,0,0,0,0,0,0,0,0,0,2,245,0,0,0,0,0,0,0,0,0,0,251,0,0,0,12,6,25,2,0,0,0,2,0,0,252,246,0,2,252,251
0,226,5,0,0,0,0,0,0,0,0,0,251,252,156,250,0,2,75,250,138,246,139,4,7,254,255,251,107,254,0,6,9,0,3,30,1,1,230,253,0,0,1,63,255,1,9,251,5,0,0,13,7,12,12,20,248,251,250,3,0,0,0,5,221,235,0,4,11,0,2,254,195,1,11,212,254,0,0,0,0,0,0,0,0,0,0,0,0,0,0,0,0,0,0,0,12,15,0,0,0,0,0,0,0,0,0,0,242,5,0,0,222,4,252,7,0,0,7,8,0,0,252,245,1,253,245,251
240,5,11,0,0,0,0,0,0,0,0,3,253,251,252,251,5,8,60,157,253,229,1,31,21,4,250,243,250,237,3,0,0,1,7,2,7,205,250,3,0,0,3,122,0,243,0,0,0,2,246,3,11,0,255,8,22,251,241,0,0,0,0,0,29,253,12,0,5,251,5,255,20,0,15,252,248,0,0,0,0,0,0,0,0,0,0,0,0,0,0,0,0,0,0,0,0,0,0,0,0,0,0,0,0,0,0,0,13,1,0,35,59,1,211,208,0,170,14,240,3,0,229,251,250,250,0,163
1,125,243,0,0,0,0,0,0,0,0,0,254,253,236,250,3,246,252,0,234,12,244,3,0,0,0,169,250,4,3,223,107,2,254,253,61,204,2,2,1,32,253,4,3,201,6,0,8,246,4,1,3,5,3,0,28,253,252,81,0,0,0,1,4,251,252,254,249,240,248,214,246,2,2,249,250,1,0,0,0,0,0,0,0,0,0,0,0,0,1,0,0,0,0,0,0,0,0,253,1,0,12,0,0,0,0,1,0,0,0,252,0,0,253,253,27,3,223,249,107,12,18,254,249,47,245,254
3,5,4,0,0,0,0,0,0,0,0,0,218,59,156,252,253,253,250,4,239,171,4,2,4,0,0,8,253,9,142,171,246,254,46,1,247,6,0,1,11,4,245,6,0,4,18,143,69,1,3,126,11,2,3,0,145,253,252,249,0,0,0,1,243,251,252,255,254,5,9,2,251,10,4,5,4,233,0,0,0,0,3,0,0,0,0,0,0,0,3,0,0,0,0,0,0,0,0,251,2,0,145,0,0,0,0,0,0,0,0,5,0,0,96,234,6,2,38,247,244,77,252,249,246,6,254,255
0,0,1,0,0,0,0,0,0,0,0,0,3,251,252,254,252,0,15,242,22,234,216,98,2,24,0,0,251,231,254,255,21,3,0,0,0,1,56,6,0,0,255,2,134,0,4,148,0,0,0,244,252,217,18,236,1,254,252,14,4,0,0,38,23,251,247,255,252,253,4,3,0,14,0,0,0,9,0,0,4,0,16,17,0,0,0,0,0,1,0,0,0,0,0,0,0,0,0,233,0,0,7,0,0,0,0,8,0,0,0,7,2,0,0,0,4,13,10,254,208,12,0,34,247,1,252,252
18,0,0,0,0,0,0,0,0,0,0,0,13,252,252,252,251,225,245,83,253,251,252,13,254,249,12,1,0,249,252,98,0,0,0,0,0,7,6,246,0,0,164,16,1,12,0,0,5,252,2,251,250,253,251,249,240,253,251,47,70,0,12,251,251,253,199,248,38,3,209,0,0,0,0,0,0,0,0,0,252,23,243,0,0,0,0,0,0,249,0,0,5,0,0,0,7,0,0,0,0,0,0,0,0,7,0,245,8,0,0,12,2,2,0,1,1,7,2,190,255,0,76,6,125,0,253,253
15,12,2,0,0,0,0,0,0,0,0,0,249,252,252,252,251,244,225,2,197,251,252,179,255,246,249,248,4,7,3,0,0,0,0,0,0,0,13,254,0,0,38,0,2,0,0,0,7,251,252,251,252,252,251,250,37,238,251,248,3,6,51,251,251,4,88,255,3,253,0,0,0,0,0,0,0,0,0,0,252,243,5,6,0,0,0,0,0,245,0,0,8,0,0,0,17,0,0,0,0,0,0,0,0,1,0,0,5,0,0,11,13,253,0,1,159,5,0,3,0,0,252,28,254,0,253,246
3,5,1,2,0,0,0,0,0,0,5,1,246,252,252,252,251,252,2,16,255,251,252,252,248,3,10,8,2,0,0,0,0,0,0,0,0,2,226,1,0,0,1,3,240,0,0,0,254,250,252,251,253,0,247,255,254,251,243,251,242,16,236,251,14,246,1,1,8,0,0,0,0,0,0,0,0,0,0,0,0,249,208,2,0,0,0,0,0,1,0,0,1,0,0,0,0,0,0,24,4,0,0,0,0,0,0,0,4,0,0,0,0,253,0,5,36,1,4,251,2,0,15,249,24,0,253,251
11,247,38,0,0,0,0,16,0,7,252,251,252,253,242,252,253,253,252,10,254,251,252,251,254,1,0,253,0,0,0,0,0,0,0,0,4,6,154,0,0,0,0,0,1,0,0,0,4,253,252,178,252,100,3,143,2,245,250,253,252,252,16,247,251,250,5,4,0,0,0,2,0,0,0,0,0,0,0,0,0,237,9,0,0,0,0,0,0,1,0,0,0,0,0,6,0,0,0,15,0,0,0,0,88,0,0,5,0,236,0,0,4,128,7,241,1,13,131,12,0,0,17,78,0,5,249,51
50,4,16,0,0,0,1,237,215,4,237,253,252,252,250,15,122,246,11,249,243,251,252,251,253,3,233,17,0,0,0,0,0,0,0,207,255,4,251,0,0,0,0,0,2,3,0,0,12,253,254,11,231,251,249,1,27,251,250,253,252,251,2,253,251,251,0,5,0,0,0,1,0,0,0,0,0,0,0,0,0,12,0,0,0,0,0,0,0,2,0,0,0,0,0,2,0,0,0,0,0,0,0,0,0,0,0,1,0,6,0,0,130,1,252,237,1,5,53,7,14,2,247,228,2,2,252,5
249,1,254,0,0,2,249,2,254,248,253,252,252,254,21,0,1,253,223,93,252,239,252,251,252,243,0,3,0,0,0,0,0,9,253,254,65,17,0,0,0,0,0,0,4,255,3,11,254,3,234,255,248,251,251,0,0,246,250,253,252,238,0,166,252,250,145,3,12,0,0,11,0,0,0,0,0,0,0,0,0,1,13,0,0,0,0,0,0,55,0,0,0,0,0,1,0,0,0,0,0,0,0,0,0,0,0,0,0,97,0,0,3,211,255,249,0,18,0,52,255,253,252,209,0,146,228,13
246,0,250,0,0,2,27,0,6,253,235,251,255,253,1,0,0,15,243,10,243,227,251,162,249,249,13,2,5,93,16,5,245,251,254,255,13,5,0,0,1,0,0,0,249,250,247,2,116,234,16,253,102,209,250,149,25,247,254,250,252,243,12,1,9,247,4,2,0,0,0,0,11,0,0,0,6,0,0,0,0,0,189,0,0,0,0,0,0,241,3,0,0,0,0,0,0,0,0,255,0,3,0,0,0,0,203,0,0,207,0,0,0,6,6,243,0,12,242,252,236,251,248,252,6,2,0,3
33,0,251,0,0,231,12,0,4,1,241,251,253,24,0,0,0,7,253,247,0,254,251,71,247,249,18,6,205,252,29,3,247,228,162,24,0,19,0,0,35,0,0,4,240,200,246,0,23,231,221,16,0,230,249,3,1,3,254,251,252,51,25,8,0,20,244,0,0,0,0,0,0,0,0,0,254,0,0,0,0,0,6,0,0,0,0,0,0,251,0,1,0,0,0,0,0,0,0,224,0,247,0,0,11,0,0,0,0,20,0,0,0,0,0,1,253,1,254,252,47,251,255,252,255,0,0,252
0,0,5,0,0,1,173,0,0,1,11,251,254,0,4,0,0,244,254,241,245,251,251,216,4,0,144,1,180,18,145,10,161,0,1,2,0,1,0,0,253,0,0,0,253,248,245,133,240,245,255,234,88,239,252,0,3,5,253,254,252,109,114,81,0,5,253,252,0,0,0,0,29,0,0,0,252,0,0,0,0,0,0,0,17,0,0,0,0,8,0,7,0,0,0,235,1,0,0,4,0,254,5,4,3,0,0,0,0,22,76,0,0,0,0,1,5,0,243,252,7,251,46,252,244,3,7,250
61,0,0,0,3,8,2,0,0,0,0,254,252,0,237,0,2,229,251,242,251,244,251,251,11,236,2,185,0,171,250,108,241,3,1,0,0,0,0,7,135,0,0,0,0,254,247,237,254,102,163,251,232,78,249,0,246,5,239,244,252,234,235,2,1,0,254,255,1,0,1,0,0,0,0,0,0,0,0,0,0,0,75,0,1,0,0,0,0,0,0,0,0,0,6,0,149,0,0,0,0,0,245,20,0,0,0,2,0,0,21,3,16,237,11,0,0,3,251,252,252,252,252,252,252,15,49,15
254,0,0,0,250,5,0,0,0,0,0,254,253,0,6,0,1,61,242,100,254,253,251,251,21,10,246,223,18,240,250,242,255,5,30,0,0,0,0,10,2,0,0,0,0,0,254,247,214,244,255,251,6,243,165,1,0,252,254,253,252,250,142,0,0,0,0,16,0,0,5,0,0,0,0,0,0,0,0,0,0,0,224,3,0,0,0,0,0,0,0,0,0,0,1,0,254,0,0,0,0,0,3,1,0,19,3,0,1,0,253,14,1,51,4,0,0,10,253,252,252,252,252,252,252,249,0,2
4,0,0,0,7,0,0,0,0,0,0,251,251,0,0,13,107,249,248,10,252,251,251,251,255,11,245,251,254,5,7,250,255,0,0,0,13,0,0,10,57,0,0,0,0,0,1,251,243,250,242,241,4,253,254,253,33,247,251,250,20,1,0,0,0,12,159,251,5,0,102,0,2,1,231,0,0,0,0,0,0,0,214,8,0,0,0,0,0,0,0,0,0,2,0,0,0,0,3,0,0,0,0,0,0,6,233,1,2,0,9,0,0,1,0,0,0,19,251,253,252,252,252,252,252,251,1,251
0,0,0,0,0,0,0,0,0,3,1,249,251,2,0,9,210,239,242,145,252,233,251,247,254,248,7,251,235,254,18,255,255,0,0,0,147,0,0,246,0,3,0,0,0,251,246,252,250,251,255,9,180,251,254,1,0,232,251,251,1,1,0,0,0,3,10,255,2,0,241,0,212,5,246,0,0,0,0,0,0,0,0,30,0,0,0,0,0,0,0,0,7,72,2,3,0,0,224,0,2,0,0,0,0,1,4,253,247,3,3,0,2,3,0,0,0,1,253,8,252,252,252,252,252,250,2,0
0,0,0,0,0,0,0,0,0,0,0,251,241,1,0,81,134,0,5,247,251,251,251,0,229,2,246,198,0,213,248,250,1,0,0,2,7,244,253,251,253,255,3,1,1,247,253,252,254,251,249,241,241,251,251,245,0,247,251,254,243,1,6,0,1,24,32,205,0,8,20,0,251,240,85,0,0,0,0,93,0,0,0,1,0,0,0,0,0,0,0,0,0,2,1,1,0,0,57,3,0,0,0,0,0,251,2,255,249,1,255,0,0,1,0,0,0,0,254,252,252,252,252,252,252,243,2,0
0,0,0,0,0,0,0,0,0,4,249,251,246,155,1,251,46,1,138,249,246,3,251,0,4,238,242,244,0,252,255,248,8,0,0,126,254,254,234,240,250,255,250,255,121,254,244,252,255,251,251,251,252,12,251,249,17,249,251,246,251,250,0,0,23,193,241,7,1,121,5,6,247,107,4,0,0,0,107,153,6,0,0,8,0,0,0,0,0,218,0,0,0,11,0,0,0,0,8,1,0,0,0,0,2,254,136,251,228,0,5,10,11,0,0,0,0,6,250,252,252,252,252,252,252,160,146,0
0,0,0,0,0,0,1,0,0,10,252,255,235,248,0,27,1,0,232,248,248,240,250,1,254,23,235,254,0,0,52,3,0,1,1,253,253,15,20,3,22,243,248,254,241,255,0,247,252,0,0,0,0,27,254,160,254,251,249,0,14,0,0,0,9,5,252,1,1,0,48,0,241,3,0,134,0,0,11,253,249,0,0,6,0,0,0,0,0,0,0,0,0,0,255,2,12,24,246,231,1,0,0,0,1,4,15,254,0,2,238,247,3,4,0,30,0,5,252,253,252,252,252,252,254,9,4,0
0,0,0,0,0,0,0,0,0,243,252,76,103,2,0,37,1,9,254,255,3,244,249,1,59,3,13,219,0,0,3,5,148,252,249,251,23,249,218,4,2,253,246,246,245,240,0,92,246,0,0,0,0,255,255,154,251,251,1,252,231,0,0,11,2,13,252,6,58,0,13,10,25,0,0,2,0,1,243,10,251,0,0,20,0,0,0,0,0,0,0,0,0,7,174,1,4,185,18,240,1,1,1,9,248,88,248,252,2,248,230,247,233,12,0,4,0,1,252,239,252,252,252,252,255,4,16,3
0,0,0,0,0,0,0,17,27,251,252,0,43,2,6,251,1,17,252,251,244,254,249,3,237,5,0,3,0,0,3,19,3,251,255,238,2,251,250,249,1,251,241,11,3,247,1,254,242,0,0,0,0,1,237,7,250,249,6,251,255,250,251,1,9,0,251,235,241,0,1,27,0,245,242,6,0,1,8,4,238,0,0,252,0,0,0,0,0,3,0,0,0,6,254,4,231,178,251,249,14,248,51,0,7,3,238,250,5,253,233,4,253,6,0,0,179,12,252,176,252,252,252,253,0,9,248,7
0,0,0,0,0,0,1,254,48,65,253,0,8,0,11,235,164,6,244,0,255,220,0,0,223,0,0,0,0,0,0,33,244,17,254,0,241,252,251,254,9,252,252,7,124,252,252,237,250,0,13,0,0,6,11,1,253,22,0,248,242,251,245,252,253,229,243,241,247,3,251,247,0,0,0,10,0,252,77,1,0,0,0,252,0,0,0,0,0,0,0,0,0,0,255,0,9,237,248,240,255,0,0,3,0,253,0,255,249,155,230,254,243,13,252,249,250,7,251,253,252,252,249,0,0,0,0,8
0,0,0,0,0,0,251,86,0,7,132,0,247,5,207,246,243,1,204,3,1,4,3,0,6,0,0,0,0,0,0,1,255,101,223,252,32,250,252,0,3,36,242,0,126,251,213,254,0,239,2,0,0,1,155,220,246,79,0,252,10,251,185,250,246,250,238,1,243,18,13,0,0,30,0,1,0,253,252,253,0,0,0,1,0,0,0,0,0,0,0,0,0,230,157,248,1,204,247,4,0,0,0,1,239,249,0,15,254,29,11,251,3,253,247,254,253,3,253,253,252,251,66,5,103,7,0,0
0,0,0,0,0,7,243,7,2,3,0,190,251,0,8,254,254,249,246,4,0,254,0,0,233,0,0,0,0,0,204,209,248,17,147,3,255,234,254,0,8,247,241,3,2,16,17,5,15,255,58,0,0,1,252,251,249,150,0,167,33,251,251,252,251,17,195,3,11,3,0,17,0,130,0,0,108,234,8,249,0,0,0,1,0,0,0,248,0,0,0,0,0,87,251,255,252,15,4,30,6,0,0,0,252,251,2,8,88,0,3,173,5,252,252,241,249,1,252,252,252,242,190,0,9,2,0,0
0,1,56,58,8,5,191,0,0,0,0,0,93,0,4,250,253,13,254,234,1,248,0,3,224,160,5,0,0,0,4,254,254,15,254,0,250,237,246,0,240,251,217,106,1,9,251,249,251,253,79,4,15,251,252,252,253,0,0,248,20,251,244,234,247,0,9,0,0,0,0,0,0,0,7,0,253,0,0,139,0,0,0,0,0,0,7,5,0,0,0,0,0,4,146,253,253,1,0,12,253,244,0,0,252,252,242,0,0,0,0,7,13,3,244,254,26,12,0,4,253,188,146,7,251,8,220,0
0,13,252,255,254,208,2,0,0,0,0,0,7,0,212,254,10,254,243,250,2,245,1,0,4,253,9,0,0,0,0,224,248,3,161,2,251,251,2,2,10,6,0,250,252,242,251,246,251,233,246,0,0,253,252,252,253,1,2,88,240,249,247,216,248,0,44,0,0,0,0,0,0,0,0,0,246,0,0,3,0,0,0,0,0,0,4,245,0,0,0,0,7,1,3,252,252,60,5,246,18,186,0,0,252,252,13,0,0,0,0,6,8,246,255,1,12,115,242,249,250,226,0,1,251,6,7,0
253,144,4,255,252,255,0,0,0,0,0,0,12,0,0,246,243,255,226,251,17,0,21,4,11,46,252,244,132,0,1,254,0,5,251,244,247,24,4,254,0,20,4,163,125,254,251,255,251,6,244,254,255,222,252,252,3,3,7,6,50,240,252,254,17,0,0,0,0,0,9,0,0,0,0,0,0,0,0,0,1,29,0,0,0,0,5,247,1,0,0,0,255,0,30,1,252,251,73,249,2,247,0,3,252,252,0,0,0,0,0,0,7,254,6,1,244,250,19,4,234,251,3,196,253,3,254,0
237,0,0,23,241,248,20,0,0,0,0,0,47,0,4,254,252,253,250,253,119,6,249,112,0,0,251,249,248,0,8,225,237,96,22,233,253,14,0,250,251,12,167,79,235,252,253,0,251,32,245,255,249,176,249,239,2,3,39,253,249,252,251,250,6,0,0,12,0,0,0,6,0,1,0,0,3,8,12,1,0,255,6,0,0,0,0,253,5,0,10,0,0,0,2,0,254,6,249,5,187,255,0,0,243,252,0,0,0,0,0,0,0,0,2,245,2,3,5,40,34,251,13,242,247,0,254,0
248,0,0,249,235,6,0,0,0,0,0,0,4,24,0,10,12,253,254,251,250,4,238,209,254,0,251,130,235,0,1,254,249,252,244,27,96,38,0,249,251,248,0,248,246,248,255,0,251,249,234,248,241,245,246,13,203,61,246,254,253,252,254,252,37,1,0,159,0,0,0,164,0,16,0,1,8,79,230,1,0,78,0,0,0,0,0,253,6,0,10,0,234,64,0,0,239,4,239,175,8,255,0,159,253,251,2,0,0,0,0,0,0,0,9,4,1,173,241,245,27,251,0,253,116,0,251,4
1,0,0,1,255,4,9,0,0,0,0,197,0,234,1,0,4,252,252,235,183,0,0,159,253,0,252,6,251,0,1,253,252,250,241,2,251,3,4,38,1,238,254,238,250,250,3,248,251,249,248,249,11,245,0,17,245,251,253,252,246,252,252,253,17,6,0,14,0,0,0,9,21,26,1,0,244,209,1,250,17,11,0,0,0,0,0,15,2,0,255,236,244,254,0,0,0,0,10,254,241,127,0,253,8,83,255,0,0,0,0,0,0,255,76,0,0,251,254,246,9,254,120,253,255,0,17,4
0,0,0,0,0,1,11,0,0,0,0,0,2,4,0,78,9,21,6,5,1,245,0,0,237,0,0,0,251,0,1,250,214,205,252,6,236,242,242,250,8,74,255,253,249,198,0,251,251,0,139,252,247,0,0,17,2,255,245,251,251,254,246,253,5,6,0,0,0,0,117,3,11,0,236,252,246,3,2,0,12,0,16,0,0,0,0,0,0,1,3,0,18,2,19,0,2,1,0,5,1,1,142,254,8,4,240,4,0,0,0,12,0,236,18,0,0,39,0,252,0,245,247,4,247,1,7,8
0,0,0,0,0,0,168,0,0,0,0,0,250,0,0,231,13,22,11,244,10,1,0,0,40,0,0,2,251,0,6,3,1,4,249,254,247,0,11,12,0,250,50,5,251,196,0,84,251,251,252,21,254,4,0,193,3,247,118,51,0,42,251,249,0,8,0,0,0,0,237,8,76,250,252,252,5,7,1,0,1,0,20,0,0,0,155,1,0,1,110,4,241,1,137,0,8,1,0,88,0,0,3,27,253,249,234,48,0,0,0,2,8,8,0,0,0,255,2,3,18,5,11,0,248,8,13,253
0,0,0,0,0,0,35,0,0,0,0,6,249,21,0,5,0,0,0,226,5,16,0,0,253,8,0,246,255,0,11,199,238,0,250,251,253,1,252,0,251,251,0,246,251,7,0,0,251,254,232,252,253,0,0,0,0,0,254,7,4,0,252,249,35,5,0,0,0,0,253,68,228,251,251,252,1,5,247,7,0,0,22,0,0,0,68,0,0,14,7,10,234,7,13,0,213,251,0,0,0,0,0,9,254,252,1,254,0,0,0,0,7,1,0,0,0,0,3,3,58,4,3,4,0,250,3,240
0,0,0,0,0,70,6,0,0,1,0,252,248,2,0,0,251,0,0,2,159,0,0,8,251,255,0,251,251,0,239,13,109,255,250,248,241,9,253,185,0,243,245,5,255,3,0,2,252,106,5,251,3,0,0,251,243,247,241,5,0,252,253,251,247,8,0,0,0,0,98,254,251,169,238,253,0,0,249,77,0,0,0,0,0,0,0,0,0,0,0,0,240,0,3,248,2,244,250,0,0,0,5,1,12,192,240,163,0,0,0,0,0,0,0,0,0,7,0,6,251,163,4,94,0,3,244,0
0,0,0,0,0,7,21,0,0,0,0,251,243,4,1,252,167,0,0,234,1,0,0,233,10,2,0,251,65,0,11,18,1,225,254,253,247,246,242,241,7,1,242,186,30,4,0,217,255,5,219,252,62,0,0,245,25,254,14,238,255,254,254,253,232,250,2,0,0,0,2,255,253,251,255,0,0,0,3,4,0,0,0,0,0,0,0,0,0,0,0,0,250,0,0,19,1,236,252,0,0,2,211,0,237,248,248,236,0,0,0,0,0,0,0,0,0,0,8,2,246,251,255,0,0,1,16,246
0,0,0,0,0,0,3,118,0,3,254,254,247,6,223,254,0,153,14,13,0,0,0,243,0,0,107,251,1,251,0,6,0,1,251,248,252,255,0,151,254,4,251,248,12,20,73,253,0,246,246,3,84,4,1,12,0,0,5,240,0,200,253,252,0,243,75,0,0,0,0,6,248,242,226,13,0,18,13,63,0,0,0,0,0,0,0,0,0,0,7,0,247,29,11,0,0,17,6,236,14,0,36,76,254,252,133,0,0,0,0,0,0,0,0,0,0,0,254,252,249,252,251,3,96,241,8,22
0,0,0,0,0,0,0,229,0,14,251,252,252,157,247,251,9,222,6,9,0,0,0,250,16,0,170,255,244,252,223,4,0,5,253,27,81,16,0,0,253,0,231,248,0,0,252,252,243,231,14,5,0,0,7,252,252,178,171,250,2,8,251,252,252,4,252,0,0,0,0,0,248,0,242,0,0,171,0,1,0,0,0,0,0,0,0,0,0,0,0,0,4,0,210,4,2,12,6,254,252,1,5,255,246,252,251,4,0,0,0,0,0,0,12,7,0,1,10,252,99,253,252,8,251,253,1,4
0,0,0,0,0,0,0,3,0,254,251,252,252,252,0,253,252,0,1,16,0,0,0,255,238,24,248,9,19,17,241,2,0,245,246,255,86,7,0,0,129,43,1,35,0,0,252,252,18,23,7,1,1,7,3,252,252,250,19,209,255,255,251,251,213,233,29,0,0,0,0,1,254,17,238,1,0,248,0,37,0,0,0,0,0,0,0,0,0,0,0,1,233,0,248,1,5,255,0,214,255,4,253,1,254,251,246,7,0,0,0,0,0,0,238,116,10,8,255,246,204,252,5,250,253,252,249,5
0,0,0,0,0,0,0,0,243,254,251,174,254,2,255,243,240,4,193,6,5,0,2,254,0,0,245,0,27,2,252,12,0,254,251,243,135,1,0,0,1,251,255,3,0,2,252,252,7,1,246,245,194,7,12,252,252,253,250,10,0,251,251,2,8,252,254,0,0,0,0,249,13,242,250,16,11,102,0,135,0,0,0,0,0,0,0,0,0,0,0,7,0,0,8,1,254,241,112,244,11,250,251,250,252,252,6,0,0,0,0,0,0,0,250,249,64,251,8,8,239,248,131,253,145,235,252,0
0,0,0,0,0,0,0,0,9,255,252,0,2,238,4,254,246,251,243,1,0,0,236,0,0,194,4,23,254,18,252,141,37,245,250,253,251,6,2,6,240,251,249,0,0,0,252,252,2,4,254,255,0,24,255,252,252,252,252,5,0,12,253,255,255,251,1,0,0,0,0,14,204,255,5,244,1,4,0,0,0,0,0,0,0,196,0,0,0,0,0,0,0,0,3,5,2,3,251,251,241,247,252,254,253,245,0,0,1,0,0,0,3,255,244,9,251,254,3,8,253,47,13,1,252,255,55,0
0,0,0,0,0,0,0,0,1,246,238,1,2,10,6,244,244,211,248,49,0,0,2,0,254,251,95,252,254,0,60,252,1,248,218,251,247,3,238,0,243,251,251,7,0,223,252,252,4,4,5,155,5,250,249,252,252,251,252,20,0,0,217,16,253,251,255,0,0,0,0,40,3,251,1,3,0,3,3,0,0,0,0,0,0,252,68,0,0,0,0,0,0,0,0,1,0,103,0,243,254,252,252,253,0,248,0,7,3,0,0,0,7,253,18,7,253,250,10,0,7,1,245,251,251,102,135,0
0,0,0,0,0,0,0,0,0,250,0,0,0,247,27,5,255,5,29,2,0,0,0,3,246,8,247,252,253,0,251,253,236,250,250,251,251,121,253,255,251,251,252,1,0,254,252,252,251,246,138,247,101,248,135,252,252,9,252,70,0,0,165,9,246,237,253,0,0,0,0,248,2,248,8,6,0,1,249,246,0,0,0,0,0,12,121,0,0,0,0,0,0,0,124,0,0,4,0,4,255,254,252,253,0,157,9,172,0,0,0,0,249,238,5,1,9,9,249,2,252,5,237,252,0,7,10,0
0,0,0,0,0,0,0,0,109,249,0,3,109,252,252,235,253,233,254,108,0,0,0,10,44,239,252,252,251,2,243,250,253,251,242,254,252,251,252,251,251,94,253,9,17,251,252,246,251,248,251,247,255,252,2,250,255,1,246,12,11,1,254,0,217,252,229,0,0,98,0,251,11,236,20,0,0,0,255,236,0,0,0,0,0,0,0,0,0,0,0,0,0,0,0,0,0,0,0,53,250,237,252,254,1,141,251,4,0,0,0,0,253,26,0,0,254,41,38,37,1,1,254,255,225,235,242,0
0,0,0,0,0,0,0,0,247,247,0,0,241,252,252,248,252,254,248,201,0,0,0,1,243,247,252,252,252,249,6,255,242,249,57,0,252,250,242,251,251,6,253,9,8,254,252,248,3,250,253,255,24,253,0,121,220,0,166,254,247,6,251,247,254,252,13,0,0,255,3,255,77,18,35,0,0,0,10,250,0,0,1,0,0,0,0,0,0,0,0,0,0,0,0,0,0,0,0,2,251,242,251,101,156,254,252,44,0,0,0,2,248,0,0,0,175,243,222,25,0,234,249,248,0,247,250,249
0,0,0,0,0,0,0,0,240,253,9,253,249,252,252,247,251,252,253,0,1,19,0,0,206,247,252,252,252,254,255,20,2,0,11,254,252,249,253,251,251,202,253,222,246,252,252,253,0,254,254,251,252,0,3,1,1,1,3,252,253,252,251,254,253,252,184,0,0,17,9,1,4,4,13,0,0,0,3,27,0,0,43,0,0,4,57,0,0,0,0,0,0,0,0,0,0,0,0,6,3,6,0,255,246,246,249,118,0,1,15,122,3,0,0,0,0,3,244,242,0,254,7,250,0,249,9,253
5,0,0,0,0,0,0,0,4,244,11,246,0,0,255,254,249,255,242,6,0,0,0,0,246,251,252,43,249,242,255,247,251,236,1,0,252,139,251,8,7,10,253,252,252,252,253,243,246,254,214,253,252,121,0,0,71,7,0,2,252,254,252,251,252,252,0,0,0,0,255,0,103,0,1,0,0,0,0,0,0,19,126,0,0,0,235,0,0,0,0,0,0,0,0,0,0,0,0,0,0,1,0,1,251,243,10,6,0,0,14,252,8,0,0,0,6,0,2,2,0,255,0,0,1,243,11,1
237,0,0,0,0,0,0,0,0,141,0,14,0,1,243,29,250,1,234,4,7,5,0,0,235,251,247,248,254,252,254,7,26,16,241,1,252,103,251,40,244,6,1,252,252,243,248,1,0,13,1,250,254,1,0,0,8,1,0,109,252,244,242,253,252,252,2,0,1,0,12,4,146,3,0,0,0,4,0,0,0,4,13,0,0,6,15,0,0,0,0,0,0,0,5,0,0,1,0,0,0,4,76,0,251,88,0,38,1,3,0,250,1,0,0,0,3,113,0,2,12,1,13,2,31,253,177,3
243,0,0,0,0,0,0,0,0,0,2,0,0,0,1,231,253,5,15,250,49,1,0,0,227,251,251,252,255,252,62,168,246,234,244,251,252,253,254,250,248,250,13,253,252,20,252,220,1,26,3,7,32,0,0,0,0,0,3,251,252,255,250,254,252,252,238,7,48,12,0,42,6,0,0,0,0,255,0,0,0,4,2,0,0,0,0,0,0,0,0,0,0,0,232,0,247,248,0,0,0,0,241,254,251,201,1,48,2,1,0,72,2,0,0,0,205,2,0,0,1,181,8,0,0,252,7,246
