251,253,0,0,0,0,252,249,252,252,254,252,252,252,252,252,252,252,252,252,252,252,252,252,254,210,251,252,253,252,0,0,1,0,157,0,0,0,0,0,5,251,252,252,252,252,252,252,2,0,0,0,0,252,253,252,252,252,252,252,252,252,252,252,32,0,0,0,0,65,251,2,249,189,211,252,252,252,252,252,249,0,0,0,0,0,0,252,252,252,252,252,252,252,252,252,252,1,1,1,88,0,252,252,252,252,252,250,0,254,0,251,253,0,0,254,252,252,252,252,252,252,251,0,0,0,0,252
252,253,1,168,0,0,0,56,254,251,253,252,252,252,252,252,252,252,252,252,252,252,252,252,250,0,0,58,64,21,0,0,247,250,5,0,0,0,0,0,0,250,252,253,252,252,252,253,0,0,0,0,0,0,250,252,252,253,253,251,252,252,252,252,253,0,0,0,0,253,252,253,33,1,0,7,253,252,252,252,253,0,0,0,0,0,0,254,252,252,252,253,253,252,252,252,252,252,252,1,252,2,252,253,252,252,252,220,0,21,0,8,251,253,251,252,252,252,252,252,252,252,252,2,0,0,1,251
252,0,0,254,98,0,0,1,0,1,208,252,252,252,252,252,252,252,252,252,252,252,252,252,248,2,28,0,0,0,0,0,0,1,1,0,0,0,0,0,0,251,252,254,252,252,252,1,0,0,0,0,0,0,0,252,252,251,0,251,252,252,252,252,251,0,0,0,1,252,252,251,249,251,0,0,250,252,253,252,190,0,0,0,0,0,0,253,252,252,252,254,251,252,252,252,252,252,250,253,1,1,252,251,252,252,252,219,254,0,0,0,242,0,253,250,252,252,252,252,252,252,252,0,0,0,1,251
252,0,1,253,254,252,1,253,204,0,2,0,1,52,250,251,49,172,253,249,253,252,252,250,252,77,174,1,0,0,0,1,254,1,0,2,0,0,0,0,0,252,254,254,252,252,178,1,0,204,0,0,0,0,251,253,253,0,0,1,254,254,252,252,254,251,1,3,1,49,253,252,252,252,0,1,49,252,252,252,2,0,0,0,0,0,0,252,49,253,252,252,252,253,251,250,252,252,252,1,0,253,252,252,252,252,252,252,253,1,0,0,1,252,252,252,252,252,252,252,252,252,2,0,0,0,1,253
252,0,94,252,252,254,253,252,254,252,1,0,2,0,1,254,82,0,81,0,252,251,252,252,254,253,251,1,1,0,1,0,251,253,252,0,0,0,0,0,0,252,253,252,251,250,0,0,0,0,1,0,0,0,0,0,252,0,1,1,1,253,252,252,252,252,254,254,1,0,253,252,252,252,252,252,252,252,252,149,0,158,0,0,0,0,0,1,250,252,252,252,252,252,221,251,252,252,252,254,252,253,252,252,251,251,253,253,1,0,0,0,252,251,250,252,252,252,252,252,252,251,0,0,0,0,251,1
250,0,252,252,252,254,252,252,254,250,252,1,251,253,254,253,252,213,0,248,254,251,46,254,254,40,250,247,211,1,4,0,218,253,252,250,216,0,0,0,0,254,41,0,254,251,250,0,0,0,0,0,0,0,0,254,254,252,210,0,183,252,252,252,252,252,252,252,252,210,252,252,252,252,252,252,252,252,252,1,249,102,0,0,0,0,0,0,250,252,252,252,252,249,1,253,252,252,252,253,252,42,252,252,254,252,253,251,0,0,0,0,252,1,249,252,252,252,252,252,252,0,0,26,0,0,254,0
0,0,252,252,252,252,252,252,252,252,252,114,252,252,252,252,252,252,252,252,252,252,0,252,252,0,1,158,251,252,251,87,0,252,252,252,251,1,0,0,0,61,0,0,3,253,253,1,0,1,250,0,0,0,0,251,254,252,252,91,252,252,252,252,252,252,252,252,252,252,252,252,252,252,252,252,252,252,252,252,252,252,0,0,0,0,0,252,252,252,252,250,252,252,252,162,240,251,3,0,0,0,0,250,252,252,253,1,0,0,0,252,254,148,0,252,252,252,252,252,251,1,1,0,0,1,253,0
2,253,252,252,252,252,252,252,252,252,252,252,252,252,252,252,252,252,252,252,252,252,254,254,253,1,1,0,1,251,254,2,0,21,251,250,254,255,0,4,0,0,2,0,0,0,34,0,0,2,252,251,0,0,0,6,249,252,252,255,252,252,252,252,252,252,252,252,252,252,252,252,252,252,252,252,252,252,252,252,251,252,0,0,1,253,251,251,252,252,252,251,253,1,0,0,0,251,0,0,0,0,0,250,252,252,252,0,0,0,1,253,252,252,252,252,252,251,251,34,0,1,0,0,0,0,251,0
1,252,252,252,252,252,252,252,252,252,252,252,252,252,252,252,252,252,252,251,252,252,252,252,251,0,252,253,252,192,252,252,253,153,254,253,1,0,0,115,0,1,1,0,0,0,0,0,0,251,252,252,12,0,0,0,250,252,252,1,252,252,252,252,252,252,252,252,252,252,252,252,252,252,252,252,252,252,252,252,253,59,0,0,0,253,253,254,252,252,252,254,0,2,0,0,0,1,0,1,1,0,0,248,252,252,252,252,0,0,252,249,252,252,252,252,252,251,0,0,1,63,4,0,0,1,252,0
252,252,252,252,252,252,252,252,252,251,1,251,248,252,252,252,252,252,252,252,252,252,252,252,251,1,252,252,252,252,252,252,252,252,1,2,0,0,0,35,254,0,0,0,0,0,0,0,0,0,252,252,251,0,0,0,249,250,254,0,3,254,254,252,252,252,252,252,252,252,252,252,252,252,252,254,252,252,252,250,25,0,0,0,0,252,252,252,252,252,253,1,0,0,0,0,0,0,0,0,0,0,0,0,252,252,252,252,249,253,253,252,253,154,252,254,253,1,0,0,0,0,1,0,0,0,167,0
253,252,252,252,252,252,252,252,252,1,0,0,240,250,148,251,252,252,252,252,252,252,252,252,252,155,252,252,252,252,252,252,252,252,252,0,104,251,0,2,2,0,0,1,0,251,253,1,0,0,253,252,252,158,0,0,0,0,161,0,0,0,251,254,252,252,252,252,252,252,252,252,252,252,253,33,254,252,252,223,0,0,0,0,0,254,252,252,252,183,0,1,0,0,0,0,0,0,0,0,0,0,162,13,252,252,252,252,252,252,252,252,252,254,251,253,239,0,0,250,0,0,0,1,0,196,0,0
252,1,252,252,252,252,252,252,252,0,3,0,1,0,1,0,252,252,252,252,252,252,252,252,252,252,252,252,252,252,252,252,252,252,250,1,251,253,0,0,0,0,0,236,251,253,254,1,0,1,2,252,252,254,0,0,31,141,1,0,0,2,0,254,252,252,252,252,252,252,252,252,252,251,251,0,253,252,252,0,0,0,0,0,251,252,252,252,254,0,0,0,0,0,0,0,0,0,0,0,0,243,252,252,252,252,252,252,252,252,252,254,251,107,251,15,0,0,0,250,0,0,0,252,0,251,1,0
252,252,252,252,252,252,252,252,1,252,250,0,0,1,253,97,1,206,252,252,252,252,252,252,252,251,252,251,131,254,42,252,252,252,88,0,251,251,0,0,0,0,1,1,252,252,0,0,0,0,2,254,252,53,0,0,3,1,1,0,0,0,0,1,252,252,252,252,252,252,252,254,252,252,0,0,0,1,1,2,0,0,0,0,252,252,252,254,0,0,0,0,0,0,0,0,0,0,0,0,253,252,251,0,0,254,252,252,252,252,252,252,252,250,253,0,0,0,252,0,0,0,0,142,0,250,0,0
252,252,252,252,253,252,252,254,1,254,251,0,243,253,250,251,241,2,250,252,252,252,252,252,252,251,252,0,0,252,252,252,252,252,244,253,252,252,253,2,0,0,0,0,0,0,0,0,0,0,1,251,252,243,1,0,0,0,0,0,0,0,0,0,254,14,254,252,252,252,254,249,14,0,0,0,0,0,0,0,0,0,0,1,252,252,253,0,0,0,0,0,0,0,148,0,0,0,0,0,253,252,254,250,252,252,252,252,252,252,252,252,252,250,253,0,0,0,252,0,0,244,0,0,3,252,0,0
252,252,251,237,252,252,252,250,121,252,202,253,250,252,253,252,254,1,2,254,251,252,252,252,252,1,252,252,132,252,252,252,251,250,253,251,254,251,254,3,1,0,1,0,1,0,0,0,0,0,0,0,252,252,1,0,1,0,0,0,0,0,0,0,145,0,132,252,251,252,251,1,0,0,0,0,0,0,0,0,0,0,0,254,252,252,253,2,0,0,0,0,0,1,0,0,0,0,0,0,116,253,131,251,252,252,252,252,252,252,252,252,252,253,252,0,0,157,252,0,0,251,253,0,1,252,0,0
252,91,1,0,245,252,2,252,251,252,252,252,252,252,252,252,254,250,0,0,2,252,252,252,252,94,253,253,250,252,252,252,252,0,250,252,254,95,252,254,254,0,95,249,0,0,4,0,0,1,152,3,252,250,0,1,0,0,0,0,0,0,0,252,0,0,0,0,252,253,251,0,0,0,0,0,0,0,0,0,0,0,250,254,252,252,7,0,0,0,0,0,0,0,0,0,0,0,0,0,0,0,0,249,252,252,252,252,252,252,252,252,252,252,159,0,0,250,252,247,251,252,251,254,1,254,0,0
254,250,1,126,254,252,252,252,252,251,252,252,252,252,252,252,252,252,252,236,0,77,254,252,252,94,252,254,252,252,252,252,252,254,95,253,252,252,252,252,253,2,253,252,251,1,1,1,0,0,0,1,251,252,0,0,0,0,0,0,0,0,0,125,0,0,0,0,4,252,1,0,0,0,0,0,0,0,0,0,1,251,252,253,252,252,3,236,0,0,0,0,0,0,0,0,0,0,0,0,0,0,1,253,252,252,252,252,252,153,252,252,252,254,252,0,0,252,252,254,252,252,252,250,1,251,0,0
251,249,251,251,250,252,252,252,251,2,252,252,252,252,252,252,252,252,252,252,252,0,1,250,254,252,251,252,252,252,252,252,252,252,252,254,251,252,252,252,254,0,254,254,254,0,254,5,0,0,0,0,252,252,0,0,0,0,0,0,0,0,99,0,0,0,0,0,0,0,0,0,0,0,0,0,0,0,2,0,251,246,1,254,254,253,254,253,0,0,0,0,0,0,0,0,0,0,0,0,0,0,1,252,252,252,252,252,252,0,252,253,250,250,254,0,0,251,252,0,253,252,252,252,6,0,0,0
17,199,252,1,252,252,252,252,252,157,252,252,252,252,252,252,252,252,252,252,252,252,1,0,252,252,251,252,252,252,252,252,252,252,252,253,250,252,252,252,250,51,252,254,0,0,251,250,0,0,1,0,252,252,1,0,0,0,0,0,0,1,72,1,0,0,0,0,0,0,0,0,0,0,0,0,0,0,52,252,250,0,0,133,1,74,253,254,0,0,0,0,0,0,0,0,0,0,0,0,0,0,51,252,252,252,252,252,252,1,253,251,0,1,251,0,0,116,251,0,252,252,252,252,251,0,0,0
0,254,0,14,252,252,252,252,251,252,252,252,252,252,252,252,252,252,252,252,252,252,252,14,251,252,2,252,252,252,252,252,252,252,252,254,1,252,252,252,252,0,0,0,0,0,254,253,0,0,0,3,253,254,0,0,0,0,0,0,0,253,0,0,0,0,0,0,0,0,0,0,0,0,0,0,0,15,250,251,0,0,2,251,0,1,0,0,0,0,0,0,0,0,0,0,0,0,0,0,0,0,253,252,252,252,252,252,252,252,253,250,0,0,254,0,0,0,0,32,254,252,252,252,252,0,0,0
252,252,1,254,252,252,252,252,252,252,252,252,252,252,252,252,252,252,252,252,251,251,251,253,254,251,252,252,252,252,252,252,252,252,252,252,252,0,252,252,252,0,0,0,0,0,253,2,0,0,0,250,108,252,0,0,0,0,0,1,0,0,0,0,0,0,0,0,0,0,0,0,0,0,0,0,125,254,1,252,0,0,0,253,0,0,0,0,0,0,0,0,0,0,0,0,0,0,0,0,0,3,252,252,252,251,253,252,252,252,252,222,0,0,0,0,0,0,0,0,233,252,252,252,254,0,0,0
252,252,0,251,252,252,252,252,252,252,252,252,252,252,252,252,252,252,252,252,0,144,0,0,1,254,253,252,252,252,252,252,252,252,252,252,252,1,230,252,252,252,0,0,0,0,252,0,0,0,1,250,251,252,0,0,0,0,0,55,254,0,0,0,0,0,0,0,0,0,0,0,0,0,1,4,251,1,249,0,0,0,1,2,0,0,0,0,0,0,0,0,0,0,0,0,0,0,0,0,0,156,252,252,250,228,254,252,252,252,250,1,0,0,0,0,0,0,0,0,1,249,252,252,250,0,0,0
251,252,0,251,252,252,252,252,252,252,252,252,252,252,252,252,252,252,252,252,253,0,0,0,0,1,252,252,252,252,252,252,252,252,252,252,252,253,0,252,253,250,1,0,0,1,252,0,0,0,0,251,252,252,0,0,0,1,57,253,1,0,0,0,0,1,0,0,0,0,0,0,0,0,57,252,13,0,252,0,0,0,0,0,0,0,0,0,0,0,0,0,0,0,0,0,0,0,0,0,0,253,252,252,253,0,250,252,252,252,254,241,1,0,0,0,0,0,0,0,0,194,252,254,0,0,0,0
252,252,252,250,252,252,251,1,253,252,252,252,252,252,252,252,252,252,252,252,253,0,0,0,0,0,252,253,252,252,252,252,252,252,252,252,252,252,253,0,252,254,250,0,0,19,251,0,0,0,0,254,251,218,0,0,0,1,251,254,244,0,0,0,0,0,0,0,0,0,0,0,0,0,254,1,0,1,254,0,0,0,0,0,0,0,0,0,0,0,0,0,0,0,0,0,0,0,0,0,0,251,252,252,249,30,252,252,252,252,252,252,254,0,0,0,0,0,0,0,0,0,0,249,0,0,0,0
252,0,251,252,252,251,0,0,252,252,252,252,252,252,252,252,252,251,252,1,0,0,0,0,0,0,253,0,252,252,252,252,252,252,252,252,252,252,252,0,0,252,253,136,0,254,253,138,0,0,0,0,252,0,0,0,0,250,254,252,253,0,0,0,0,1,0,0,0,0,0,0,0,251,190,0,1,252,1,0,0,0,0,0,0,0,0,0,0,0,0,0,0,0,0,0,0,0,0,0,0,0,252,252,254,252,252,252,252,252,252,252,251,0,0,0,0,0,0,0,0,0,0,220,0,0,0,0
0,157,250,251,252,251,1,1,252,252,252,252,252,252,252,252,253,252,236,0,0,0,0,0,1,251,252,0,252,252,252,252,252,252,252,252,252,252,252,250,0,0,252,253,64,252,252,252,251,0,0,0,254,0,0,0,251,251,252,251,1,250,0,0,0,0,0,0,0,0,0,0,254,230,0,0,0,251,0,0,0,0,0,0,0,0,0,0,0,0,0,0,0,0,0,0,0,0,0,0,0,0,252,252,252,252,252,252,252,97,252,252,252,0,0,0,0,0,0,0,0,252,250,0,0,0,0,0
0,249,252,252,254,253,0,1,252,252,252,252,252,252,252,252,254,0,0,0,0,0,0,0,1,252,252,253,252,252,252,252,252,252,252,252,252,252,252,252,252,2,0,254,253,254,252,252,252,253,0,1,0,0,0,21,106,192,252,80,0,252,0,0,0,0,0,0,0,0,0,24,253,0,0,0,0,252,0,0,0,0,0,0,0,0,0,0,0,0,0,0,0,0,0,0,0,0,0,0,0,0,252,252,252,252,252,252,252,0,252,252,251,0,1,0,0,0,1,253,1,0,253,0,0,0,0,0
45,0,252,252,254,251,0,0,254,252,252,254,253,253,252,252,71,1,0,0,0,0,0,0,39,252,253,253,252,252,252,252,252,252,252,252,252,252,252,252,251,252,0,0,0,252,251,252,252,254,254,0,0,0,0,251,2,0,219,0,0,0,0,0,0,0,0,0,0,0,2,249,3,0,0,253,252,0,0,0,0,0,0,0,0,0,0,0,0,0,0,0,0,0,0,0,0,0,0,0,0,0,252,252,252,252,252,252,252,252,252,252,253,0,252,0,0,0,1,207,0,1,252,0,0,0,0,0
252,252,252,252,254,253,1,0,252,252,252,0,250,251,252,252,250,1,0,0,0,0,0,0,250,253,252,252,252,252,252,252,252,252,252,252,252,252,252,252,252,251,0,1,0,1,252,252,252,253,253,0,0,0,250,0,0,0,1,0,0,0,0,0,0,0,0,0,0,0,252,228,0,0,0,252,249,0,0,0,0,0,0,0,0,0,0,0,0,0,0,0,0,0,0,0,0,0,0,0,0,0,252,252,252,252,252,252,252,186,250,252,79,0,251,0,0,0,251,219,1,252,49,0,0,0,0,0
31,157,252,252,253,253,1,1,254,252,250,223,252,1,252,252,252,21,0,0,0,0,0,2,252,252,252,252,252,252,252,252,252,252,252,252,252,252,252,252,252,250,254,0,0,0,1,252,252,252,252,0,0,174,232,0,0,0,0,0,0,0,0,0,0,0,249,0,0,1,251,0,0,0,0,253,252,0,0,0,0,0,0,0,0,0,0,0,0,0,0,0,0,0,0,0,0,0,0,0,0,0,75,253,252,252,252,252,252,157,251,0,0,0,0,0,0,0,252,2,1,252,2,0,0,0,0,0
193,225,184,252,252,211,1,0,249,253,251,252,252,0,253,252,250,252,1,0,0,0,0,251,252,252,225,252,252,252,252,252,252,252,252,252,252,252,252,252,252,251,252,251,0,0,0,253,252,252,252,0,0,249,0,0,0,0,0,0,0,0,0,0,0,158,248,0,0,252,0,0,0,0,2,253,251,0,0,0,0,0,0,0,0,0,0,0,0,0,0,0,0,0,0,0,0,0,0,0,0,2,0,68,252,252,253,252,252,157,251,0,0,0,0,0,0,0,253,0,244,254,0,0,0,0,0,0
254,253,0,252,252,252,1,0,0,1,250,252,252,0,214,252,254,252,118,0,0,0,0,251,252,252,251,252,252,252,252,252,252,252,252,252,252,252,252,252,254,252,252,253,0,0,2,253,252,252,252,251,253,0,0,0,0,0,0,0,0,0,0,0,0,253,156,0,231,253,0,0,0,0,1,252,251,0,0,0,0,0,0,0,0,0,0,0,0,0,0,0,0,0,0,0,0,0,0,0,0,0,0,1,252,252,228,252,252,251,252,0,0,0,0,0,0,0,0,0,251,72,0,0,0,0,0,0
254,252,252,190,252,251,0,0,0,0,1,252,252,3,95,252,252,253,0,0,0,0,1,252,252,252,252,252,252,252,252,252,252,252,252,252,252,252,252,252,251,252,252,229,0,0,0,251,251,253,252,254,8,0,0,0,0,0,0,0,0,0,0,0,0,251,0,0,253,0,0,0,0,1,252,1,2,2,0,0,0,0,0,0,0,0,0,0,0,0,0,0,0,0,0,0,0,0,0,0,0,0,0,1,252,252,3,252,252,253,0,1,0,0,0,0,0,0,0,1,254,0,0,0,0,0,0,0
1,251,253,252,252,252,183,0,0,0,1,3,253,253,251,252,252,252,0,0,0,0,252,252,252,252,252,252,252,252,252,252,252,252,252,252,252,252,252,252,254,0,251,2,0,0,0,0,250,251,252,251,0,0,0,0,0,0,0,0,0,0,0,0,251,253,0,252,1,0,0,0,0,1,254,0,0,0,0,0,0,0,0,0,0,0,0,0,0,0,0,1,0,0,0,0,0,0,0,0,0,0,1,92,252,210,0,251,252,252,248,0,0,0,0,0,0,0,253,251,4,0,0,2,0,0,0,0
3,0,252,252,252,252,252,0,0,0,1,2,226,251,252,252,252,252,252,0,0,0,250,252,252,252,252,252,252,252,252,252,252,252,252,252,252,252,252,252,253,0,251,0,0,0,0,0,0,247,252,252,0,0,0,0,0,0,0,0,0,0,0,1,250,252,218,254,0,1,0,0,0,194,0,0,0,0,0,0,1,195,0,0,0,0,0,0,0,0,0,254,251,0,0,0,0,0,0,0,0,0,0,251,252,74,0,31,250,250,251,0,0,0,0,0,0,1,1,255,0,1,1,0,0,252,252,253
0,0,3,252,254,252,254,221,0,0,0,0,0,252,254,252,252,252,252,253,1,0,254,252,252,252,252,252,252,252,252,252,252,252,252,252,252,252,252,252,252,252,158,0,0,2,48,0,0,0,254,251,0,0,0,0,0,0,0,0,0,0,0,32,252,252,251,1,0,0,0,0,0,253,0,0,0,0,0,0,1,1,0,0,0,0,0,0,0,0,1,252,253,0,0,0,0,0,0,0,0,0,1,252,254,254,142,251,250,64,204,0,0,0,0,0,0,0,253,244,0,0,1,36,254,252,252,251
0,0,0,0,253,252,251,1,0,0,0,0,0,1,249,252,252,252,252,251,254,252,252,252,252,252,252,252,252,252,252,252,252,252,252,252,252,252,252,252,252,252,237,0,0,175,252,1,0,1,253,251,0,0,0,0,0,0,0,0,0,0,2,254,249,252,172,0,0,0,0,0,0,248,0,0,0,0,0,0,0,0,0,0,0,0,0,0,0,0,0,0,0,0,0,0,1,0,0,0,0,0,0,44,0,0,249,0,251,0,0,0,0,0,0,0,0,0,253,206,0,0,1,253,252,252,252,40
0,0,0,0,0,250,251,0,0,0,0,0,0,1,252,252,252,252,252,252,254,254,253,252,252,252,252,252,252,252,252,252,252,252,252,252,252,252,252,252,252,252,250,1,0,2,250,33,0,0,253,247,105,0,0,0,0,0,0,0,0,0,94,243,251,252,3,0,0,0,0,0,252,2,0,0,0,0,0,0,0,0,0,0,0,0,0,0,0,0,0,0,0,0,0,250,105,0,0,0,0,0,0,0,0,1,251,0,254,1,0,0,0,0,0,1,253,0,252,218,0,0,0,246,252,252,252,0
0,0,0,0,0,0,0,0,0,0,0,0,0,2,250,252,252,252,252,252,249,0,0,253,252,252,252,252,252,252,252,252,252,252,252,252,252,252,252,252,252,252,254,254,1,247,252,225,0,1,254,251,251,0,0,0,0,0,0,0,0,0,2,253,254,14,0,0,0,0,0,0,250,0,0,0,0,0,252,0,0,0,0,0,0,0,0,0,0,0,0,0,0,0,0,250,252,0,0,0,0,0,0,0,0,1,25,0,5,0,0,0,0,1,253,252,254,254,1,0,0,0,95,254,252,252,251,0
0,1,0,0,0,0,0,0,0,0,0,0,0,0,248,252,252,252,252,252,252,252,0,1,254,252,252,252,252,252,252,252,252,156,252,252,252,252,252,252,252,252,252,252,0,0,252,221,0,0,252,1,254,0,0,0,0,0,0,156,0,0,251,252,170,0,0,0,0,0,0,1,22,0,0,2,80,251,252,0,0,0,0,0,0,0,0,0,0,0,0,0,0,0,0,252,252,248,1,1,1,2,252,0,0,1,0,0,0,0,0,1,0,0,251,252,252,252,91,0,0,0,252,252,252,252,0,0
0,243,252,2,0,0,0,0,0,0,0,0,0,0,0,252,254,252,252,252,252,253,255,249,253,252,252,252,252,252,252,252,252,252,252,252,252,252,252,252,252,252,252,249,250,0,252,252,0,1,252,224,251,0,0,0,0,0,0,0,0,250,250,216,0,0,0,0,0,0,0,222,1,0,0,27,249,252,1,2,0,0,0,0,0,0,0,0,0,0,0,0,0,0,0,251,251,252,251,0,0,4,21,0,0,0,140,0,0,0,0,195,0,1,251,252,252,252,253,219,9,0,253,252,252,253,1,0
1,251,252,251,92,1,0,0,0,0,0,0,0,0,157,253,252,252,252,253,0,252,252,252,252,160,252,252,252,252,252,252,252,251,252,252,252,252,252,252,252,252,252,252,1,0,0,252,0,0,252,254,253,0,0,0,0,0,0,0,251,252,251,1,0,0,0,0,0,0,0,248,0,1,1,251,252,252,1,0,0,0,0,0,0,0,0,0,0,0,0,0,0,0,1,226,254,253,254,251,0,157,2,0,0,0,253,1,0,0,0,253,0,0,249,252,252,253,252,251,0,0,253,252,252,251,0,0
0,253,1,252,0,0,0,0,0,0,0,0,0,0,250,252,252,252,253,1,252,252,252,230,252,158,252,252,252,252,252,252,249,252,252,252,252,252,252,252,252,252,252,252,0,0,0,252,0,0,252,250,3,0,1,0,0,228,253,252,252,252,250,2,0,1,0,0,0,0,250,253,0,143,253,251,252,252,251,0,0,0,0,0,0,0,0,0,0,0,0,0,253,1,0,7,0,254,251,249,3,0,1,0,0,0,252,0,0,0,0,0,253,0,0,252,252,145,252,249,4,0,253,252,249,9,0,0
251,253,144,251,0,1,0,0,0,0,0,0,0,250,252,252,252,252,250,249,252,252,252,252,252,252,253,252,252,251,253,252,251,251,252,252,252,252,252,252,252,252,252,253,253,54,0,252,2,68,252,250,0,0,2,254,253,251,5,249,0,0,252,252,109,1,0,0,0,0,1,0,1,252,252,253,252,252,253,0,0,0,0,0,0,0,0,0,0,0,0,18,253,2,0,0,2,0,0,0,0,0,0,0,0,0,1,0,0,0,0,0,252,1,0,252,252,253,252,252,253,251,251,253,159,0,0,0
251,254,251,250,32,0,0,0,0,0,0,0,0,0,250,252,252,252,251,252,252,252,252,252,252,252,252,252,252,252,254,252,30,1,251,252,252,252,252,252,252,252,252,253,252,94,253,252,1,252,252,249,206,254,254,219,2,0,0,0,0,0,252,249,240,254,0,0,0,0,0,0,252,1,14,252,252,252,252,0,234,0,0,0,0,0,0,0,0,0,0,4,0,1,0,0,0,0,0,0,0,0,0,0,0,0,0,0,0,0,0,0,0,90,0,0,252,252,252,252,252,252,252,252,0,0,0,0
252,254,252,254,252,252,0,0,0,0,0,0,0,0,253,254,254,179,252,252,252,252,252,252,252,252,249,233,0,0,247,251,254,252,253,252,252,252,252,252,252,252,252,252,252,252,115,252,232,252,252,252,252,249,252,1,0,1,0,250,117,252,253,0,0,85,252,251,14,0,118,252,0,0,0,31,252,252,252,0,255,1,0,0,0,0,0,0,0,0,0,0,1,201,253,248,0,0,0,0,0,0,1,0,0,0,0,0,0,0,0,0,0,252,0,1,250,252,252,252,151,251,252,252,0,0,0,0
251,252,250,251,249,251,241,1,253,1,0,0,0,0,0,253,255,0,99,252,252,252,252,252,252,253,253,0,0,0,0,0,251,252,253,254,252,252,252,252,252,252,252,252,252,252,252,247,252,252,253,251,253,251,250,252,2,254,0,0,253,250,251,3,0,0,6,254,36,158,6,0,0,1,0,0,1,253,252,214,5,96,0,0,0,0,0,0,0,0,155,0,254,251,253,5,0,0,0,0,0,0,1,253,0,2,0,0,0,0,0,0,0,252,0,0,5,251,252,252,0,0,250,251,0,0,0,0
112,252,0,1,230,252,252,253,254,1,0,0,0,0,0,147,1,0,0,252,252,252,252,252,252,251,0,0,0,0,0,1,0,252,252,254,252,252,252,252,252,252,252,252,252,252,252,252,252,251,204,0,0,0,0,250,0,253,0,0,218,250,206,1,0,0,0,0,0,124,253,105,1,1,0,0,1,0,0,250,1,1,0,0,0,0,0,0,0,0,0,0,1,0,0,0,0,0,0,0,0,0,251,0,0,0,0,0,0,0,0,0,0,1,1,0,0,249,252,252,237,252,0,112,0,0,0,0
0,252,153,2,32,157,252,254,254,0,0,0,0,0,0,0,0,0,0,251,252,252,252,252,252,253,0,0,0,0,0,0,0,0,0,249,250,252,252,252,252,252,252,252,252,254,252,252,252,252,251,0,0,0,1,254,252,1,0,0,0,0,0,0,0,0,0,0,2,251,252,252,254,252,0,0,0,0,0,253,0,0,0,0,0,0,0,0,0,0,0,0,0,0,0,0,0,0,0,0,0,0,253,0,0,0,0,0,0,0,0,0,0,1,0,0,0,2,250,31,249,252,254,0,0,0,0,0
0,0,120,251,252,251,251,252,252,50,252,0,2,1,0,0,0,0,0,252,252,252,252,252,252,1,0,0,0,0,0,0,0,0,0,0,251,252,252,252,252,252,252,252,252,252,252,252,253,252,253,0,0,0,0,251,252,0,0,0,0,0,0,0,0,0,0,0,251,253,252,252,254,178,0,0,0,0,0,0,0,0,0,0,0,0,0,0,0,0,0,0,0,0,0,0,0,0,0,0,0,0,95,113,0,0,0,0,1,0,0,1,0,0,0,1,0,0,0,0,251,252,0,0,0,0,0,0
0,0,1,3,6,1,2,250,254,251,251,249,1,0,0,0,0,0,0,0,252,252,252,252,254,0,0,0,0,0,0,0,0,0,0,0,0,251,252,252,252,252,252,252,252,252,251,5,253,252,243,0,0,0,0,0,250,0,0,0,0,0,0,0,0,0,0,0,245,251,252,252,252,253,0,0,0,0,0,0,0,0,0,0,0,0,0,0,0,0,0,0,0,0,0,0,0,0,0,0,0,0,3,214,0,0,0,0,250,102,2,0,0,0,0,0,1,0,0,0,252,0,0,0,0,0,0,0
0,0,0,0,0,0,0,0,254,251,111,130,251,250,0,1,0,0,0,1,250,252,252,252,254,0,0,0,0,0,0,0,0,0,0,0,0,254,252,252,252,254,252,252,4,252,0,252,1,251,1,0,0,0,0,0,253,139,0,2,0,0,0,0,0,0,0,0,235,0,2,250,254,251,1,0,0,0,0,0,0,0,0,0,0,0,0,0,0,0,0,0,0,0,0,0,0,0,0,0,0,0,0,0,0,0,0,0,0,252,140,0,0,0,0,0,0,0,0,254,252,0,0,0,0,0,1,0
0,0,0,0,0,0,0,0,2,0,0,0,0,249,95,0,0,0,0,0,0,249,252,252,253,0,0,0,0,0,0,0,0,0,0,0,0,251,254,251,252,252,252,254,252,162,252,3,1,252,0,0,255,0,0,0,0,254,0,0,0,0,0,0,0,0,0,0,0,0,0,0,251,252,252,2,0,0,0,0,0,0,0,0,0,1,0,0,0,0,0,0,0,0,0,0,0,0,0,0,0,0,0,0,0,0,0,0,0,0,252,0,0,18,0,0,0,2,1,254,252,0,0,0,0,1,110,222
0,0,0,0,0,0,0,0,0,0,0,0,0,1,250,91,0,0,0,0,0,1,252,252,104,0,0,0,0,0,0,0,0,0,0,0,0,4,251,123,252,252,252,33,252,252,252,129,221,253,154,0,103,0,0,0,0,249,0,0,0,0,0,0,0,0,0,0,0,0,0,0,2,252,252,1,0,0,0,0,0,0,0,0,3,1,0,0,0,0,0,0,0,0,0,0,0,0,0,0,0,0,0,0,0,0,0,0,0,0,1,250,1,254,151,0,0,252,0,251,252,0,0,0,0,0,252,252
0,0,0,0,0,0,0,0,0,0,0,0,0,0,224,253,0,0,0,0,0,254,0,0,2,0,0,0,0,0,94,0,0,0,0,0,0,0,250,0,252,252,253,3,248,252,252,252,251,253,1,0,0,0,0,0,0,0,0,0,0,0,0,0,0,0,0,0,0,0,0,0,0,0,251,2,0,0,0,0,0,0,0,0,0,0,0,0,0,0,0,0,0,0,0,0,0,0,0,0,0,1,0,0,0,0,0,0,0,0,2,227,248,3,140,0,0,253,0,249,251,0,0,0,0,0,254,252
0,0,0,0,0,0,0,0,0,0,0,0,0,0,0,253,0,0,0,1,250,252,1,0,0,0,0,2,1,0,0,0,0,0,0,0,0,0,251,0,252,252,252,252,252,252,252,252,252,251,1,0,0,0,0,0,0,0,0,0,0,0,0,0,0,56,0,0,0,0,0,0,0,0,0,0,0,0,0,0,0,0,0,20,34,0,0,0,0,0,0,0,0,0,0,0,0,154,0,0,1,0,0,0,0,0,0,0,0,0,0,0,0,251,0,2,0,1,0,252,252,0,0,0,0,253,250,252
0,0,0,0,0,0,0,0,0,0,0,0,0,0,0,0,0,2,1,61,251,253,249,1,0,0,0,0,253,0,0,0,0,0,0,0,0,0,1,2,252,252,252,253,252,252,252,252,252,253,0,0,0,0,0,0,0,0,0,0,0,0,0,0,186,250,0,0,0,0,0,0,0,0,0,0,0,0,0,0,0,0,0,253,0,0,0,0,0,0,0,0,0,0,0,0,0,251,249,0,0,0,0,0,0,0,0,0,0,0,0,0,2,251,249,253,4,1,0,248,246,1,0,0,0,83,0,252
0,0,0,0,0,0,0,0,0,0,0,0,0,0,0,0,0,1,251,252,252,252,156,88,249,0,218,2,251,252,0,0,0,0,0,0,0,0,1,251,252,251,252,252,252,252,64,251,252,250,0,0,0,0,0,0,0,0,0,0,0,0,0,0,0,0,0,0,0,0,0,0,0,0,0,0,0,0,0,0,0,0,1,251,0,0,0,0,0,0,0,0,0,0,0,0,0,251,252,164,1,0,0,0,0,0,0,0,0,2,0,0,1,187,252,252,251,0,251,252,251,1,0,0,0,2,0,0
0,0,0,0,0,0,0,0,0,0,0,0,0,0,0,0,2,2,252,254,252,252,1,0,0,0,3,252,252,252,253,0,0,0,0,0,0,1,0,254,252,94,94,252,252,252,252,31,252,251,249,0,0,0,0,0,0,0,0,0,0,0,0,0,0,0,0,0,0,0,0,0,0,0,0,0,0,0,0,0,0,1,251,1,0,1,0,0,0,0,0,0,0,0,0,0,0,254,253,254,1,0,0,0,0,0,0,0,4,94,0,0,0,1,250,0,248,0,251,251,253,253,1,0,0,1,0,0
0,0,0,0,0,0,0,0,0,0,0,0,0,0,0,0,2,250,145,254,252,252,107,0,0,0,1,252,252,252,253,253,0,0,0,0,0,0,0,254,253,1,32,252,252,252,252,21,252,251,252,0,0,0,0,0,0,0,0,0,0,0,0,0,0,0,0,0,0,0,0,0,0,0,0,0,0,0,0,0,0,253,253,0,4,0,0,0,0,0,0,0,0,0,0,0,0,251,253,253,0,0,0,0,0,0,0,0,1,1,0,0,0,0,1,1,0,1,252,250,252,253,0,0,254,0,0,0
0,0,0,0,0,0,0,0,0,0,0,0,0,0,0,0,0,0,1,254,252,252,254,1,0,0,0,252,252,252,252,252,251,124,0,0,0,1,124,251,26,20,250,252,252,252,252,6,252,252,252,0,0,0,0,0,0,0,0,0,0,0,0,0,0,0,0,0,0,0,0,0,0,0,0,0,0,0,0,0,251,253,232,0,0,0,0,0,0,0,0,0,0,0,0,0,0,1,253,178,0,0,0,0,0,0,0,0,0,0,0,0,0,0,0,0,0,2,253,210,203,253,252,0,219,75,0,0
0,0,0,0,0,0,0,0,0,0,0,0,0,0,0,0,0,0,0,252,252,252,250,0,0,2,252,253,252,252,252,252,252,251,224,0,1,1,251,252,32,0,252,252,252,252,252,252,252,251,253,1,0,0,1,0,150,1,0,0,0,0,0,0,0,0,0,0,0,0,0,0,0,0,0,0,0,0,0,253,250,253,1,0,10,0,0,0,0,178,0,0,0,0,0,0,1,0,3,1,0,0,0,0,2,1,0,0,0,0,0,0,0,0,0,0,0,0,253,0,253,252,252,157,0,0,0,0
0,0,0,0,0,0,0,0,0,0,0,0,0,0,0,0,0,0,0,251,252,252,252,0,225,252,252,0,252,252,252,252,252,252,120,0,1,252,253,252,252,0,252,252,252,253,252,34,252,248,254,0,0,252,0,0,0,253,0,0,0,0,0,0,0,0,0,0,0,0,0,0,0,0,0,0,0,0,2,251,252,252,36,0,0,0,0,0,0,252,2,0,0,0,1,0,0,0,0,0,0,0,0,0,221,254,0,0,0,0,0,0,0,0,0,0,1,0,157,1,253,252,252,251,8,0,0,0
0,0,0,0,0,0,0,0,0,0,0,0,0,0,0,0,0,0,0,8,252,252,252,226,252,252,252,187,252,252,252,252,252,252,0,0,163,253,187,252,252,0,252,252,252,252,252,254,252,0,247,0,0,252,251,0,2,251,0,0,0,0,0,0,0,0,0,0,0,0,0,0,0,0,0,0,0,0,71,250,252,252,253,0,0,0,0,0,251,252,251,244,0,0,252,0,0,0,0,0,0,0,0,0,1,252,0,0,0,0,0,0,0,0,0,1,24,0,248,0,0,252,252,250,251,0,0,0
0,0,0,0,0,0,0,0,0,0,0,0,0,0,0,0,0,0,0,0,250,254,252,249,222,252,252,252,252,252,252,252,252,214,0,249,251,251,252,252,252,1,254,65,252,227,187,162,253,2,251,1,0,252,251,63,0,253,0,0,0,1,254,1,0,0,0,0,0,0,0,0,0,0,0,0,0,0,3,193,251,250,253,0,0,0,0,253,252,252,252,250,0,2,254,250,30,0,181,0,1,0,0,0,1,0,0,0,0,0,0,0,0,0,0,0,253,0,8,253,1,252,252,252,252,1,0,2
0,0,0,0,0,0,0,0,0,0,0,0,0,0,0,0,0,0,0,0,222,251,252,248,252,252,252,252,252,252,252,253,253,0,0,250,252,252,252,254,254,252,229,0,168,252,1,0,252,0,0,0,244,254,254,249,0,0,158,0,0,0,92,2,1,0,0,0,0,0,0,0,0,3,0,0,0,156,1,0,0,3,5,0,0,0,0,254,252,252,252,252,252,249,252,252,253,0,252,251,0,0,0,1,0,1,0,0,0,0,0,0,51,0,0,0,1,0,1,246,254,252,252,252,251,1,252,252
0,0,0,0,0,0,0,0,0,0,0,0,0,0,0,0,0,0,0,0,0,253,252,251,253,252,252,252,252,252,252,251,1,1,1,253,247,252,1,188,254,252,251,249,253,252,252,252,252,0,0,0,251,253,252,251,32,1,247,0,0,0,0,250,0,0,0,0,0,0,0,0,1,2,0,0,0,3,0,0,0,0,0,0,0,0,0,254,252,252,252,252,253,0,252,252,253,253,251,254,96,0,0,1,254,1,0,0,0,0,0,0,0,0,0,3,1,0,0,0,251,252,252,252,251,0,252,252
0,0,0,0,0,0,0,0,0,0,0,0,0,0,0,0,0,0,0,0,0,254,252,252,249,251,252,252,252,252,251,0,0,1,251,250,253,251,1,0,0,0,1,250,252,251,251,252,252,76,0,0,250,252,252,252,252,0,0,3,0,0,0,1,0,0,0,0,0,0,0,0,253,0,0,0,0,0,0,0,0,0,0,0,0,0,0,251,252,252,252,249,0,0,254,252,252,252,252,252,252,1,0,7,74,0,0,0,0,0,0,0,0,0,0,0,0,0,0,0,0,54,252,252,251,252,254,227
0,0,0,0,0,0,0,0,0,0,0,0,0,0,0,0,0,0,0,0,0,250,252,252,252,52,252,252,252,251,251,0,1,250,0,1,169,254,223,0,0,0,0,0,85,0,0,31,252,252,0,103,252,252,252,252,252,253,1,1,0,0,0,0,0,0,0,0,0,0,0,0,0,0,0,0,0,0,0,0,0,0,0,0,0,0,0,1,252,252,252,249,0,0,96,252,241,252,252,252,252,1,0,0,0,0,0,0,0,0,0,0,0,0,0,0,0,0,0,0,0,0,252,250,252,252,252,252
0,0,0,0,0,0,0,0,0,0,0,0,0,0,0,0,0,0,0,0,0,254,252,252,249,252,252,252,252,254,152,0,249,251,0,0,0,0,1,0,0,0,0,0,219,104,250,222,252,251,0,71,252,252,252,252,252,252,208,0,0,0,0,0,0,0,0,0,0,0,0,0,0,0,0,0,0,0,0,0,0,0,0,0,0,0,0,0,252,252,252,250,0,1,253,252,248,252,252,252,252,0,2,0,0,0,0,0,0,0,0,0,0,0,0,0,0,0,0,0,0,0,1,251,252,252,252,251
0,0,0,0,0,0,0,0,0,0,0,0,0,0,0,0,0,0,0,0,0,0,0,0,252,250,251,252,252,253,1,254,254,1,0,0,0,0,0,0,0,0,3,0,0,0,197,252,220,253,1,1,252,253,254,252,252,252,252,0,2,0,0,0,0,0,0,0,0,0,0,0,0,0,0,0,0,0,0,0,0,0,0,0,0,0,0,252,252,252,254,1,220,1,251,252,252,252,252,165,1,1,1,250,0,0,0,0,0,0,0,0,0,0,0,0,0,0,0,0,0,0,2,254,240,254,252,252
0,0,0,0,0,0,0,0,0,0,0,0,0,0,0,0,0,0,0,0,0,0,0,1,251,251,252,252,252,252,252,252,254,3,0,0,0,0,0,0,0,0,0,0,6,93,1,252,252,252,251,0,1,248,252,250,252,252,252,255,217,0,0,0,0,0,0,0,0,0,0,0,0,0,0,0,0,0,0,0,0,0,0,0,0,0,0,253,252,252,254,0,251,0,83,252,252,254,253,2,0,0,252,251,8,0,0,0,0,0,2,0,0,1,0,0,0,0,0,0,0,0,0,1,0,1,254,252
0,0,0,0,0,0,0,0,0,0,0,0,0,0,0,0,0,0,0,0,0,0,2,0,250,252,252,252,252,252,252,252,253,0,0,1,0,0,0,0,0,0,0,0,1,252,253,254,251,252,251,0,0,252,251,232,252,252,251,249,251,0,0,0,0,0,0,0,0,0,0,0,0,0,0,0,0,0,0,0,0,0,0,0,0,0,0,254,252,252,253,96,251,1,254,252,251,253,0,0,1,1,252,80,0,2,0,0,0,0,193,0,0,0,193,0,0,0,0,0,0,0,0,0,0,0,0,252
0,0,0,0,0,0,0,0,0,0,0,0,0,0,0,0,0,0,0,0,0,0,251,0,252,252,252,252,252,252,252,252,252,0,0,0,0,0,0,0,0,0,1,0,0,26,251,252,252,252,252,0,1,252,252,252,252,252,253,2,2,1,0,0,0,0,0,0,0,0,0,0,6,0,0,0,0,0,0,0,2,0,0,0,0,0,253,252,252,252,113,252,252,86,251,252,253,247,0,0,0,0,252,1,0,250,1,0,250,0,252,0,0,0,1,0,0,0,0,0,0,0,0,0,0,0,0,0
0,0,0,0,0,0,0,0,0,0,0,0,0,0,0,0,0,0,0,0,0,0,188,251,252,252,252,252,252,252,252,252,252,0,0,0,0,0,1,0,0,0,1,0,0,1,0,0,238,252,252,253,0,252,252,252,252,252,210,0,0,0,0,0,0,0,0,0,0,0,0,1,252,252,0,0,0,1,253,252,251,62,103,0,1,252,252,252,252,252,0,252,252,251,0,253,254,1,0,252,0,252,251,0,251,252,68,121,252,0,1,2,18,0,0,0,0,0,0,0,0,0,0,0,0,0,0,0
0,0,0,0,0,0,0,0,0,0,0,0,0,0,0,0,0,0,0,0,0,0,0,253,252,252,252,252,252,252,252,252,252,0,0,0,0,0,0,0,0,0,0,0,0,0,0,3,220,252,251,250,0,250,252,252,252,252,5,0,0,0,0,0,0,0,0,0,0,0,0,2,251,250,1,2,0,245,252,253,250,252,252,0,2,254,252,252,252,252,252,252,252,252,0,220,4,252,252,252,252,252,250,1,252,252,252,252,254,0,0,0,0,0,0,0,0,0,0,0,0,146,1,0,0,0,0,0
0,0,0,0,0,0,0,0,0,0,0,0,0,0,0,0,0,0,0,0,0,0,0,251,252,252,252,252,252,252,252,252,252,2,0,0,0,0,0,0,0,0,0,0,0,1,51,0,1,250,252,254,1,250,252,252,252,252,252,0,0,0,0,0,0,0,0,0,0,1,251,1,1,252,251,2,250,252,252,251,0,252,253,253,253,254,252,252,252,252,252,252,252,252,251,250,251,252,252,252,252,252,252,3,252,252,252,252,0,0,0,0,0,0,0,0,0,0,0,0,0,252,0,0,0,0,0,0
2,0,0,0,0,0,0,0,0,0,0,0,0,0,0,0,0,0,0,0,0,0,0,31,252,252,252,252,252,252,252,252,254,0,0,0,0,0,0,0,0,0,0,0,0,0,0,0,0,0,4,250,2,159,252,252,252,252,253,250,0,0,0,0,0,0,0,0,0,0,253,0,0,252,249,0,248,252,252,252,0,252,250,247,254,254,252,252,252,252,252,252,252,252,254,252,254,252,252,252,252,252,253,251,252,252,252,252,250,0,0,2,0,0,0,0,0,0,0,0,249,2,0,0,0,0,0,0
0,0,0,0,0,0,0,0,0,0,0,0,0,0,0,0,0,0,0,0,0,0,0,37,254,252,252,252,252,252,252,252,252,0,0,0,0,0,0,0,0,0,0,0,0,0,0,16,2,0,0,250,252,252,252,252,252,252,252,252,0,0,1,0,0,0,0,0,121,250,252,0,1,251,253,0,253,254,249,250,218,252,252,253,0,251,251,253,252,252,252,252,252,252,252,252,252,252,252,252,252,252,252,251,252,252,254,253,151,1,1,0,0,0,0,0,0,0,0,0,253,0,0,0,0,0,0,0
0,0,0,0,0,0,0,0,0,0,0,0,0,0,0,0,0,0,0,0,0,0,0,4,250,252,252,252,252,252,252,252,1,0,0,0,0,0,0,0,0,0,0,0,0,0,0,0,251,1,0,254,250,252,252,252,252,252,253,0,0,0,1,0,0,0,0,0,254,250,248,2,0,251,162,34,254,254,1,250,254,252,252,213,0,1,254,254,252,252,252,252,252,252,252,252,252,252,252,252,252,252,2,254,252,252,251,246,0,0,1,1,0,0,0,0,0,0,0,0,5,0,0,0,0,0,0,0
251,250,0,0,0,0,0,0,0,0,0,0,0,0,0,0,0,0,0,0,0,0,0,0,252,252,252,252,252,252,252,249,0,0,0,0,0,0,0,0,0,0,251,0,0,0,45,2,220,128,252,252,252,252,250,252,252,252,252,0,0,1,1,0,0,0,0,0,1,252,251,252,252,252,1,254,251,254,250,252,253,253,1,0,0,0,1,253,253,252,252,252,252,252,252,252,252,252,252,252,252,253,0,1,251,252,203,1,251,0,0,0,0,0,0,0,0,0,0,0,3,0,0,0,0,0,0,0
0,0,0,0,0,0,0,0,0,0,0,0,0,0,0,0,0,0,0,0,0,0,0,0,253,252,252,252,254,248,253,212,0,0,0,0,0,0,0,0,0,0,2,0,0,0,0,239,248,254,252,252,252,252,251,252,248,250,0,0,0,162,158,0,0,0,0,0,4,254,253,254,1,252,0,254,254,254,0,1,250,249,1,0,0,0,0,0,248,252,254,252,252,252,252,252,252,252,252,252,252,0,252,248,0,246,1,0,250,0,0,0,0,0,0,0,0,0,0,3,0,0,0,0,0,0,0,0
0,0,0,0,0,0,0,0,0,0,0,0,0,0,0,0,0,0,0,0,0,0,0,0,253,252,252,252,254,253,0,0,0,0,0,0,0,0,0,0,0,0,1,1,0,0,0,0,0,119,251,252,252,252,251,252,251,252,0,0,1,251,1,0,0,0,0,0,2,2,254,253,253,252,0,0,253,254,1,0,0,252,1,0,0,0,0,0,0,251,252,252,252,252,252,252,252,252,252,252,252,0,253,253,0,252,136,0,1,1,136,20,252,253,0,0,0,0,0,0,0,0,0,0,0,0,0,0
0,0,0,0,0,0,0,0,0,0,0,0,0,0,0,0,0,0,0,0,0,0,0,0,0,2,253,0,0,1,1,0,0,0,0,0,0,0,0,0,0,0,0,0,0,0,0,0,0,0,0,0,250,252,252,252,252,251,0,0,0,0,0,0,0,0,0,0,0,0,1,2,0,1,0,0,0,0,253,254,0,0,0,0,0,0,0,0,0,0,1,252,252,252,252,252,252,252,252,252,252,252,254,1,1,158,251,251,0,0,254,254,252,251,0,0,0,0,0,0,0,0,0,0,0,0,0,0
0,0,0,0,0,0,0,0,0,0,0,0,0,0,0,0,0,0,0,0,0,0,1,251,0,0,250,252,251,0,0,0,0,0,0,0,0,0,0,0,0,0,0,0,0,0,0,0,0,0,0,0,3,252,252,250,252,252,1,2,0,0,0,0,0,0,0,0,0,0,0,0,0,0,0,0,0,0,252,251,0,0,0,0,0,0,0,0,0,0,142,251,252,252,252,252,252,252,252,252,251,0,252,239,253,55,252,252,144,145,252,252,252,252,0,140,145,144,253,1,0,0,0,0,0,0,0,0
0,0,0,0,0,0,0,0,0,0,0,0,0,0,0,0,0,0,0,0,0,0,252,254,0,0,254,253,229,0,0,0,0,0,0,0,0,0,0,0,0,0,0,0,0,0,0,0,0,0,0,0,0,249,252,254,252,252,253,254,252,1,0,0,0,0,0,0,0,0,0,0,0,0,0,0,0,0,0,251,0,0,0,0,0,0,0,0,0,252,253,198,253,252,252,252,252,252,252,252,3,1,229,254,254,251,252,252,254,252,252,252,252,252,250,253,253,253,237,252,0,0,0,0,0,0,0,0
0,0,0,0,0,0,0,0,0,0,0,0,0,0,0,0,0,0,0,0,0,0,250,234,0,0,0,0,1,0,0,0,0,0,0,0,0,0,0,0,0,0,0,0,0,0,0,0,0,0,0,0,0,1,254,233,252,252,157,253,253,0,0,0,0,0,0,0,0,0,0,0,0,0,0,4,0,0,252,0,0,0,0,0,0,0,0,0,0,251,252,165,252,252,252,252,252,252,252,252,249,189,0,251,2,252,252,252,0,252,252,252,252,252,253,252,252,252,1,251,1,0,0,0,0,0,0,0
0,0,0,0,220,0,0,0,0,0,0,0,0,0,0,0,0,0,0,0,0,0,253,1,0,0,0,0,0,0,0,0,0,0,0,0,0,0,0,0,0,0,0,0,0,0,0,0,0,0,0,1,0,0,254,253,253,250,1,254,250,0,0,2,0,0,0,0,0,0,0,0,0,0,0,225,0,1,2,0,0,0,0,0,0,0,0,0,0,252,253,252,252,252,252,252,252,252,252,252,252,253,252,222,253,252,252,252,250,252,252,252,252,252,252,252,252,252,95,0,225,1,0,0,0,0,0,1
158,0,0,2,0,0,0,0,0,0,0,0,0,0,0,0,0,0,0,0,0,0,1,0,0,0,0,0,0,0,0,0,0,0,0,0,0,0,0,0,0,0,0,0,0,0,0,0,0,0,0,252,20,0,250,250,93,0,0,252,254,0,0,250,0,0,0,0,0,0,0,0,0,0,0,0,0,1,0,0,0,0,0,0,0,0,0,0,1,254,252,252,252,252,252,252,252,252,252,252,252,252,252,22,252,252,252,252,252,252,252,252,252,252,252,252,254,36,35,2,0,0,0,0,0,0,0,32
248,250,235,0,0,0,0,0,0,0,0,0,0,0,0,0,0,0,0,0,0,0,0,0,0,0,0,0,0,0,0,0,0,0,0,0,0,0,0,0,0,0,0,0,0,0,0,0,0,0,0,250,66,0,231,252,251,0,120,1,2,0,1,0,0,0,0,0,0,0,0,0,0,0,0,0,0,1,0,0,0,0,0,0,0,0,0,0,0,252,251,252,252,252,252,252,252,252,252,252,252,252,252,250,252,252,252,252,252,252,252,252,252,252,252,252,253,0,0,1,0,0,0,0,0,0,0,251
0,251,0,0,0,0,0,0,0,0,0,0,0,0,0,0,0,0,0,0,0,0,0,0,0,0,0,0,0,0,0,0,0,0,0,0,0,0,0,0,0,0,0,0,0,0,0,0,0,0,1,254,253,0,0,252,253,1,253,1,0,0,0,0,0,0,0,0,0,0,0,0,0,0,0,0,1,1,0,0,0,0,0,0,0,0,0,0,0,253,252,252,252,252,252,253,252,252,252,252,252,251,252,252,252,252,252,252,252,252,252,252,252,252,252,252,253,0,0,76,0,0,0,0,0,0,1,253
0,0,1,0,254,0,0,0,0,0,0,0,0,0,0,0,0,0,0,0,0,0,0,0,0,0,0,0,0,0,0,0,0,0,0,0,0,0,0,0,0,0,0,0,0,0,0,0,0,0,2,253,251,0,1,252,252,16,222,222,2,0,0,0,0,0,0,0,0,0,0,0,0,0,0,0,251,250,0,0,1,0,0,0,0,0,0,0,251,250,253,252,252,252,252,252,250,252,252,252,252,252,252,252,252,252,252,252,252,252,252,252,252,252,252,252,3,0,0,0,0,0,0,0,0,0,2,254
0,0,1,0,251,0,0,0,0,0,0,0,0,0,0,0,0,0,0,0,0,0,0,251,0,0,0,0,0,0,0,0,0,0,0,0,0,0,0,0,0,0,0,0,0,0,0,0,0,0,2,253,32,0,0,252,252,253,0,249,252,1,0,0,0,0,0,0,0,0,0,0,0,0,0,0,254,93,0,0,25,0,0,0,0,0,0,0,251,48,252,252,252,252,252,252,0,252,252,252,252,252,252,252,252,252,252,252,252,252,252,252,252,252,252,249,1,0,0,0,0,0,0,0,0,0,1,254
0,126,0,253,0,0,0,0,0,0,0,0,0,0,0,0,0,0,0,0,0,0,94,251,0,0,0,0,0,0,0,0,0,0,0,0,0,0,0,0,0,0,0,0,0,0,0,0,249,0,253,252,3,0,1,251,251,254,0,252,254,1,1,0,0,0,0,0,0,0,0,0,0,0,0,0,250,0,0,0,0,0,0,0,0,0,0,0,0,0,252,252,252,252,252,252,247,252,252,181,252,252,252,252,252,252,252,252,252,252,252,252,252,252,252,0,0,0,0,0,0,0,0,0,0,0,0,250
190,185,252,1,3,0,1,0,0,0,0,0,0,0,0,0,0,0,0,0,0,0,250,254,0,0,0,0,0,0,0,0,0,0,0,0,0,0,0,0,0,0,0,0,0,0,0,0,60,252,253,254,32,0,0,68,252,251,209,0,253,251,1,228,0,0,0,0,0,0,0,0,0,0,0,1,69,0,0,1,0,0,0,0,0,0,0,0,0,0,253,252,252,252,252,252,252,252,252,252,252,252,252,252,252,252,252,252,252,252,252,252,252,254,252,0,0,0,0,0,0,0,0,0,0,0,0,1
250,254,1,1,0,251,1,0,0,0,0,0,0,0,0,0,0,0,0,0,0,0,253,166,0,0,0,0,0,0,0,0,0,0,0,0,0,0,0,0,0,0,0,0,0,0,0,0,0,2,252,252,1,0,1,0,2,252,252,0,0,253,251,0,0,0,0,0,0,0,0,0,0,0,0,0,0,0,0,1,0,0,0,0,0,0,0,0,0,0,208,252,252,252,252,252,252,252,252,252,252,252,252,252,252,252,252,252,252,252,252,252,252,254,252,0,0,0,0,0,0,0,0,0,0,0,0,1
1,3,0,0,0,132,249,0,0,0,0,0,0,0,0,0,0,0,0,0,0,0,253,0,0,0,0,0,0,0,0,0,0,0,0,0,0,0,0,0,0,0,0,0,0,0,0,0,0,1,252,250,0,0,0,252,0,3,252,247,0,253,227,0,0,0,1,3,0,0,0,0,0,0,0,54,0,0,0,0,0,0,0,0,0,0,2,0,0,0,0,252,252,252,252,252,252,252,252,252,252,252,252,252,252,252,252,252,252,252,252,252,252,254,0,0,0,0,0,0,0,0,0,0,0,0,0,0
0,0,0,0,0,0,0,0,0,0,0,0,0,0,0,0,0,0,0,0,0,0,0,0,0,0,0,0,0,0,0,0,0,0,0,0,0,0,0,0,0,0,0,0,0,0,0,0,0,0,1,253,0,0,1,0,0,0,70,252,254,1,249,252,250,0,0,0,0,0,0,0,0,251,251,0,0,0,0,0,0,0,0,0,0,1,251,1,0,0,253,252,252,252,2,252,252,252,252,252,254,252,252,252,252,252,252,252,252,252,252,252,252,252,1,1,0,0,0,0,0,0,0,0,0,0,0,0
0,0,0,0,0,0,0,0,0,0,0,0,0,0,0,0,0,0,0,0,0,0,0,0,0,0,0,0,0,0,0,0,0,0,0,0,0,0,0,0,0,0,0,0,0,0,0,1,1,251,231,1,0,0,93,1,2,2,1,253,253,251,53,252,250,0,0,0,0,0,0,0,242,252,247,0,0,0,0,0,0,0,0,0,0,3,254,0,0,0,251,252,252,251,95,252,252,252,252,252,49,252,252,252,252,252,252,252,252,252,252,252,252,252,253,201,0,0,0,0,0,0,0,0,0,0,0,197
0,0,0,0,0,0,0,251,0,0,0,0,0,0,0,0,0,0,0,0,0,0,0,0,253,253,0,0,0,0,0,0,0,0,0,0,0,0,0,0,0,0,0,0,0,0,0,1,0,253,252,228,0,0,254,253,253,250,0,3,254,252,0,0,251,252,1,0,0,0,0,10,253,253,1,0,0,0,0,0,0,158,254,251,33,251,254,0,0,0,65,253,253,252,254,252,252,252,253,0,0,254,252,252,252,252,252,252,252,252,252,252,252,252,252,251,252,0,0,0,0,0,0,0,0,0,1,253
0,0,0,0,0,0,0,250,253,0,0,0,0,0,0,0,0,0,0,0,0,0,0,0,250,254,0,0,0,0,0,0,0,0,0,0,0,0,0,0,0,0,0,0,0,0,0,0,2,253,253,222,0,0,252,0,0,93,0,1,40,252,252,250,0,251,252,2,0,0,0,253,253,19,0,0,0,254,0,0,1,0,254,253,246,251,252,0,0,0,0,1,254,252,252,252,252,252,250,0,0,251,252,252,252,252,252,250,254,254,252,254,252,252,250,253,69,0,1,0,0,0,0,0,0,0,0,252
0,0,0,0,0,0,0,0,1,169,0,0,0,0,0,0,0,0,0,0,0,0,0,0,251,251,0,0,0,0,0,0,0,0,0,0,0,0,0,0,0,0,0,0,0,0,0,0,1,0,0,0,0,0,253,1,0,253,0,253,250,253,250,253,252,250,62,252,252,2,1,250,172,0,1,0,252,252,252,15,251,252,254,147,0,254,252,0,0,0,1,250,252,252,252,252,252,253,3,0,148,252,252,252,253,251,252,33,251,253,252,253,252,252,253,1,1,0,0,251,1,0,0,0,0,0,149,252
0,0,0,0,0,0,0,0,0,1,0,0,0,0,0,0,0,0,0,0,0,0,0,0,253,253,1,0,0,0,0,0,0,0,0,0,0,0,0,0,0,0,0,0,0,0,0,0,0,0,0,0,0,0,120,0,0,117,1,0,252,254,253,252,252,252,0,249,252,254,250,248,1,0,1,29,251,252,252,254,252,252,253,0,0,254,252,252,2,225,0,252,252,252,252,252,252,254,1,0,0,254,252,252,254,15,16,254,252,252,252,252,252,252,253,2,0,0,0,5,0,0,0,0,251,0,254,252
0,0,0,0,0,0,0,0,0,0,0,0,0,1,0,0,0,0,0,0,0,0,0,0,252,1,0,0,0,0,0,0,0,0,0,0,0,0,0,0,0,0,0,0,0,0,0,0,0,0,0,0,0,0,1,250,0,252,253,232,253,2,249,251,252,252,252,252,0,252,252,0,0,0,1,250,252,252,252,252,252,252,252,0,253,252,251,1,252,252,252,252,252,252,252,252,252,252,251,2,0,158,252,252,22,0,2,250,252,252,250,254,252,250,59,0,0,0,0,0,0,0,0,252,251,1,252,93
0,0,0,0,0,0,0,0,0,0,0,0,0,0,0,0,0,0,0,0,0,0,0,0,251,3,4,0,0,0,0,0,0,0,0,0,0,0,0,0,0,0,0,0,0,0,0,0,0,0,0,0,0,0,1,252,0,252,254,252,253,139,252,252,253,251,252,253,1,250,249,0,0,0,0,249,58,246,251,252,252,252,254,0,252,252,252,4,251,252,254,253,252,252,252,252,252,251,252,1,0,1,252,250,0,252,223,223,252,252,252,252,252,252,253,27,1,0,0,0,0,0,0,250,253,240,252,252
0,0,0,0,0,0,0,0,0,0,0,0,0,156,0,0,0,0,0,0,0,0,0,0,253,251,1,0,0,0,0,0,0,0,0,0,0,0,0,0,0,0,0,0,0,0,0,0,0,0,0,0,0,0,252,254,115,154,251,252,249,1,252,252,254,58,251,252,253,252,1,0,87,0,193,2,2,0,252,252,252,252,254,250,252,252,253,0,2,0,193,238,252,252,252,252,252,252,253,1,0,2,0,0,1,0,253,0,252,252,252,252,252,252,253,254,0,0,0,0,0,0,0,252,247,253,252,252
0,0,3,0,0,0,0,0,0,0,0,0,248,254,1,0,0,0,0,0,0,0,0,0,252,251,0,0,0,0,0,0,0,0,0,0,0,0,0,0,0,0,0,0,0,0,0,0,0,0,0,0,0,0,253,249,253,253,1,252,251,249,252,252,252,2,0,3,250,251,0,0,217,250,253,0,0,0,113,252,252,252,252,0,252,253,246,2,0,254,252,251,252,252,252,252,252,254,250,0,0,0,0,0,2,157,251,0,251,252,252,252,252,252,252,252,230,0,0,0,0,0,0,1,222,252,252,252
127,252,67,0,0,0,0,0,0,0,1,251,252,94,2,1,0,0,0,0,0,0,0,0,252,250,2,0,0,0,0,0,0,0,0,0,0,0,0,0,0,0,0,0,0,0,0,0,0,0,0,0,0,0,251,1,222,253,252,252,252,250,252,252,251,0,0,251,253,252,0,0,0,251,252,0,0,0,0,253,253,253,254,0,0,90,0,0,1,253,250,8,237,252,253,254,252,1,253,0,0,0,0,0,1,251,90,1,251,252,252,252,252,252,252,252,252,1,0,0,0,0,0,0,240,3,251,253
254,253,253,4,0,0,0,0,0,0,0,253,254,249,1,3,0,0,0,0,0,0,0,0,0,0,4,0,0,0,0,0,0,0,0,0,0,0,0,0,0,0,0,0,0,0,0,0,0,6,0,0,0,0,1,0,220,253,253,252,254,249,252,252,233,0,233,251,251,6,0,0,252,254,254,0,0,0,0,0,0,1,0,0,0,1,0,0,32,251,252,0,0,162,251,254,253,254,252,0,0,0,0,0,0,253,0,0,254,252,252,252,252,252,252,252,252,252,2,0,0,0,241,0,250,251,250,251
1,252,252,252,1,134,0,0,0,0,93,250,252,252,250,252,0,0,0,0,0,0,0,0,0,0,0,0,0,0,0,0,0,0,0,0,0,0,0,0,0,0,0,0,0,0,0,0,0,0,0,0,0,0,0,0,2,250,252,252,254,252,252,252,253,0,250,252,251,0,0,1,252,252,252,2,0,0,0,148,1,0,0,0,0,253,0,0,254,1,0,0,0,0,0,251,1,252,251,1,0,0,0,0,1,250,116,0,253,252,252,252,252,252,252,252,252,252,252,116,1,0,158,16,252,253,0,252
0,247,252,252,254,0,0,0,0,0,1,251,252,252,252,251,234,1,0,0,0,0,0,0,0,0,0,0,0,0,0,0,0,0,0,0,0,0,0,0,0,1,0,0,0,0,0,0,0,0,0,0,0,0,5,0,1,253,252,252,254,252,253,252,252,247,253,252,252,0,1,254,252,252,251,224,0,0,0,0,0,0,0,0,250,1,0,34,252,252,0,0,0,0,0,0,1,253,250,2,0,0,0,0,0,251,252,0,250,252,252,252,252,252,252,252,252,252,253,253,34,2,251,254,253,1,4,250
0,1,254,252,252,0,0,0,0,0,0,253,252,252,252,252,252,0,0,0,0,0,0,0,0,0,0,0,0,0,0,0,0,0,0,0,0,0,0,0,0,79,0,0,0,0,0,0,0,1,157,0,0,0,0,122,1,253,252,252,253,252,253,252,249,253,252,252,137,0,1,252,252,252,253,253,1,0,0,0,0,0,0,0,252,93,1,252,252,252,0,0,0,0,0,0,0,0,0,1,0,0,0,0,0,252,252,0,254,252,252,252,252,252,252,252,252,252,125,251,250,252,251,0,0,1,252,252
0,0,0,251,254,1,0,0,0,0,94,252,252,252,252,252,252,0,0,0,0,0,0,0,0,0,0,0,0,0,0,0,0,0,0,0,0,0,0,0,0,1,252,0,0,0,0,0,0,0,153,0,0,0,0,254,32,251,253,252,252,252,252,252,251,157,251,252,0,0,252,249,252,252,252,251,0,0,0,0,0,0,0,0,0,254,1,251,252,252,0,0,0,0,2,254,2,0,0,0,0,0,0,2,8,0,1,0,254,252,252,252,252,252,252,252,252,252,252,252,217,252,253,1,0,0,252,252
0,0,0,17,251,172,0,0,0,0,251,252,251,252,252,252,249,51,0,0,0,0,0,0,0,0,0,0,0,0,0,0,0,0,0,0,0,0,0,0,0,0,251,0,0,0,0,0,0,0,0,0,0,0,0,0,252,252,252,252,252,252,252,252,250,1,0,254,2,0,253,252,252,252,252,253,0,0,0,0,0,0,0,0,0,119,252,252,252,46,0,0,0,0,0,250,0,0,0,0,0,0,1,32,254,252,49,131,252,252,252,252,252,251,252,252,252,252,251,252,252,251,252,250,0,0,252,252
0,0,0,0,254,254,0,0,0,0,96,252,1,252,252,252,245,253,0,0,0,0,0,0,0,0,0,0,0,0,0,0,0,0,0,0,0,0,0,0,0,2,92,0,0,0,0,0,2,0,88,8,0,0,0,0,0,150,252,252,252,252,252,252,253,2,4,2,0,0,254,252,252,252,252,253,0,0,0,0,0,0,0,0,0,1,252,252,253,0,0,0,0,0,253,250,0,0,0,0,0,0,1,0,254,252,254,254,253,252,6,36,215,236,254,252,252,252,253,252,252,252,252,251,254,254,252,252
0,0,0,0,0,253,207,0,0,1,1,252,251,251,252,252,253,250,0,0,0,0,0,0,0,0,0,0,0,0,0,0,0,0,0,0,0,0,0,0,0,1,0,0,0,0,0,0,0,140,1,0,0,0,0,0,0,1,251,252,252,252,252,252,252,251,253,0,0,1,254,252,252,252,252,253,0,0,0,0,0,0,0,0,1,183,252,252,254,0,0,0,0,0,251,252,249,0,0,0,0,0,0,1,251,252,252,252,252,252,252,236,251,0,1,253,250,252,252,252,252,251,252,111,252,252,252,252
0,0,0,0,0,253,253,0,1,1,251,251,254,254,250,252,252,252,2,0,0,0,0,0,0,0,0,0,0,0,0,0,0,0,0,0,0,0,0,0,0,0,0,0,0,0,0,0,0,252,1,0,0,0,0,0,0,0,253,252,252,252,252,252,254,251,147,0,0,254,252,252,252,252,252,222,0,0,0,0,0,0,0,0,0,1,251,252,0,0,0,0,0,0,0,0,249,0,0,0,0,0,249,2,0,252,252,252,252,252,251,251,254,0,0,0,251,252,252,252,252,252,253,0,2,251,254,250
0,0,0,0,0,1,249,237,0,0,251,252,2,252,252,252,253,252,212,0,0,0,0,0,0,0,0,0,0,0,0,0,0,0,0,0,0,0,0,0,0,0,0,0,0,0,0,0,0,0,0,134,0,0,0,0,0,1,252,252,252,252,252,252,252,252,1,0,254,251,252,252,252,252,252,1,0,0,0,0,0,0,0,0,0,0,1,121,1,0,0,0,0,0,0,0,4,0,0,0,0,0,251,0,0,252,252,252,252,252,253,0,249,251,1,0,252,252,252,252,252,252,253,0,103,0,253,251
0,0,0,0,24,0,2,251,4,0,1,254,223,240,252,252,253,252,249,222,0,0,0,0,0,0,0,0,0,0,0,0,0,0,0,0,0,0,0,0,0,0,0,0,0,0,0,0,0,0,0,250,0,0,254,2,0,2,251,252,252,252,252,252,0,0,0,253,251,253,252,252,252,252,252,0,0,0,0,249,0,0,0,0,0,0,0,0,0,0,0,0,0,0,0,0,1,11,0,0,0,0,95,251,249,252,252,252,252,252,250,251,253,0,247,250,252,252,252,252,252,252,252,0,252,227,0,250
0,0,0,0,252,2,0,249,251,215,101,2,0,0,0,252,253,252,251,254,0,0,0,0,0,0,0,0,0,0,0,0,0,0,0,0,0,0,0,0,0,0,0,0,0,0,0,0,0,0,0,253,0,0,1,250,0,253,252,252,254,251,1,0,2,0,152,252,252,252,252,252,252,252,251,1,0,0,253,252,0,0,0,0,0,0,0,0,0,0,0,0,0,0,0,0,0,250,1,0,0,0,1,12,252,252,252,252,252,252,252,251,232,252,252,252,252,252,253,0,94,0,0,251,0,253,252,1
0,0,0,0,250,0,0,0,253,252,252,2,2,0,252,252,252,251,253,252,1,0,0,0,0,0,0,0,0,0,0,0,0,0,0,0,0,0,0,0,0,0,0,0,0,0,0,0,0,0,1,251,2,0,0,209,251,252,253,252,254,0,0,0,2,254,252,252,252,252,252,252,252,252,252,30,0,0,252,252,0,0,0,0,2,36,1,0,0,0,0,0,0,0,0,0,0,252,1,0,0,0,0,0,1,252,252,252,252,252,251,254,0,252,252,252,252,252,253,0,0,34,159,252,252,252,253,251
0,0,0,0,1,0,0,0,1,253,250,252,0,253,253,252,252,250,251,253,0,0,0,0,0,0,0,0,0,0,0,0,0,0,0,0,0,0,0,0,0,0,0,0,0,0,0,0,0,0,0,250,2,0,0,0,254,251,253,252,251,0,0,0,2,251,252,252,252,252,252,252,252,252,252,251,0,0,252,253,0,0,0,0,0,151,0,0,0,0,0,0,0,0,0,1,250,252,1,0,0,0,0,0,0,252,252,252,252,95,0,253,250,252,252,252,252,252,3,1,2,252,152,252,252,252,252,254
0,0,0,0,0,0,0,0,254,5,253,252,252,211,1,251,251,253,252,252,0,0,0,0,0,0,0,0,0,0,0,0,0,0,0,0,0,0,0,0,0,0,0,0,0,0,0,0,5,0,0,252,5,0,0,0,3,250,253,251,1,1,0,0,0,252,252,252,254,252,252,252,252,252,252,253,0,45,234,245,0,0,0,0,252,1,0,0,0,0,0,0,0,0,0,26,253,252,253,0,0,0,248,249,253,252,252,252,210,252,0,4,250,252,252,252,252,252,0,0,0,254,253,252,252,252,252,252
0,0,0,0,0,0,0,1,253,0,250,252,252,0,0,251,252,253,252,252,0,0,0,0,0,0,0,0,0,0,0,0,0,0,0,0,0,0,0,0,0,0,0,0,0,1,0,0,250,0,1,252,253,0,0,0,0,50,253,221,1,0,0,0,0,253,252,252,253,252,252,252,252,252,252,252,252,252,0,0,0,0,0,0,0,0,1,0,0,0,0,0,0,0,0,0,233,250,253,1,0,106,251,252,252,252,252,252,252,252,219,0,1,252,252,252,252,253,222,0,0,253,254,251,252,252,252,250
0,0,0,0,0,0,0,246,205,0,0,252,204,0,0,253,252,251,252,252,74,0,0,0,0,0,0,0,0,0,0,0,0,0,0,0,0,0,0,0,0,0,0,0,1,126,0,0,253,0,53,252,254,0,0,0,0,177,253,0,1,0,0,0,1,253,252,252,0,252,252,252,252,252,252,252,252,252,157,0,0,0,0,0,0,0,2,0,0,0,0,0,0,0,0,2,0,0,2,1,0,252,249,251,252,252,252,252,254,252,251,57,0,252,252,252,252,251,254,249,0,253,253,0,252,252,252,250
0,0,0,0,0,0,1,250,0,0,0,71,0,0,0,254,253,254,253,254,250,0,0,0,0,0,0,0,0,0,0,0,0,0,0,0,0,0,0,0,0,0,0,0,0,252,0,253,1,253,252,252,254,250,0,0,0,253,248,0,0,0,0,0,155,253,1,1,248,253,252,252,252,252,252,252,252,252,1,0,0,0,0,0,0,0,0,253,254,0,0,0,0,0,0,0,0,1,1,1,0,252,252,254,252,252,252,252,252,252,252,252,250,252,252,252,252,251,254,254,1,254,249,251,252,252,252,254
0,0,0,0,0,0,0,225,0,0,0,0,0,0,0,247,0,193,253,253,250,1,0,0,0,0,0,0,0,0,0,0,0,0,0,0,0,0,0,0,0,0,0,0,0,228,0,0,0,254,252,252,252,253,0,0,0,253,2,0,0,0,0,1,249,253,1,250,252,252,252,252,252,252,252,252,252,252,1,0,0,0,0,0,1,0,0,0,0,0,0,0,0,0,0,0,0,0,0,0,0,1,191,252,252,252,252,252,252,252,252,252,249,252,252,252,253,0,1,252,2,253,250,254,250,252,252,252
0,0,0,0,0,0,1,252,249,0,0,0,0,0,0,251,23,1,0,247,245,0,0,0,0,0,0,0,0,0,0,0,0,0,0,0,0,0,0,0,0,0,0,0,0,0,0,0,0,252,252,252,252,138,0,0,0,250,0,0,0,0,0,26,252,133,251,249,252,252,252,252,252,252,252,252,252,252,1,0,0,0,0,254,0,0,0,0,0,0,0,0,0,0,0,0,0,0,191,1,0,0,0,251,252,252,252,252,252,252,252,252,246,252,252,252,252,0,1,253,35,0,253,1,254,252,252,252
